264.0;191500.0;317500.0;Ok_lo
8347.0;85874.6251011138;409196.954140999;Ok_lo
6052.0;94500.0;395500.0;Ok_lo
8667.0;95765.6410164197;411077.051288598;was_lo
2188.0;38500.0;370500.0;Ok_lo
9836.0;175500.0;418500.0;Ok_lo
507.0;195500.0;325500.0;Ok_lo
8547.0;127500.0;410500.0;Ok_lo
8967.0;85550.9803921569;413061.111111111;Ok_lo
8501.0;80500.0;410500.0;was_lo
3252.0;29498.6625509034;378498.488445073;Ok_lo
3316.0;169500.0;378500.0;was_lo
5015.0;168500.0;389500.0;was_lo
2623.0;71504.7138047138;373501.346801347;Ok_lo
2701.0;210500.0;373500.0;Ok_lo
7557.0;60394.114734985;404780.929062556;Ok_lo
5581.0;185500.0;392500.0;Ok_lo
5797.0;211247.229874503;393304.407713499;Ok_lo
2743.0;57500.0;374500.0;Ok_lo
219.0;174500.0;316500.0;was_lo
8387.0;125500.0;409500.0;Ok_lo
8565.0;145500.0;410500.0;Ok_lo
7552.0;55800.0;404800.0;Ok_lo
4293.0;133988.888888889;385970.833333333;Ok_lo
4590.0;86500.0;387500.0;was_lo
4722.0;38570.3124951402;388602.604160907;Ok_lo
4815.0;145500.0;388500.0;Ok_lo
3547.0;117500.996980042;380815.362668893;Ok_lo
5147.0;118500.0;390500.0;Ok_lo
2096.0;142863.157894737;369907.142857143;was_lo
1974.0;150500.0;368500.0;was_lo
1107.0;182500.0;356500.0;Ok_lo
1342.0;183500.0;361500.0;Ok_lo
1045.0;192500.0;354500.0;was_lo
3031.0;87500.0;376500.0;Ok_lo
8864.0;142500.0;412500.0;Ok_lo
615.0;186500.0;330500.0;Ok_lo
9225.0;194500.0;414500.0;Ok_lo
5988.0;22500.0;395500.0;Ok_lo
2125.0;171500.0;369500.0;Ok_lo
8790.0;54500.0;412500.0;was_lo
6765.0;82500.0;399500.0;Ok_lo
7211.0;178500.0;401500.0;Ok_lo
2852.0;21500.0;375500.0;was_lo
2151.0;197500.0;369500.0;Ok_lo
9399.0;47500.0;416500.0;was_lo
2859.0;28500.0;375500.0;Ok_lo
1052.0;199500.0;354500.0;Ok_lo
643.0;192500.0;331500.0;Ok_lo
9815.0;154500.0;418500.0;Ok_lo
942.0;203500.0;350500.0;Ok_lo
841.0;196500.0;345500.0;Ok_lo
7566.0;73500.0;404500.0;Ok_lo
5458.0;53500.0;392500.0;Ok_lo
8009.0;201500.0;406500.0;Ok_lo
5059.0;212200.079756821;389445.926459986;was_lo
2632.0;141500.0;373500.0;was_lo
6529.0;207500.0;397500.0;Ok_lo
7141.0;108500.0;401500.0;Ok_lo
4052.0;198500.0;383500.0;Ok_lo
7108.0;75500.0;401500.0;Ok_lo
9299.0;110500.0;415500.0;Ok_lo
4089.0;61500.0;384500.0;Ok_lo
36.0;192500.0;308500.0;Ok_lo
9710.0;44489.2156945983;418194.677874836;Ok_lo
5788.0;202500.0;393500.0;Ok_lo
5948.0;174500.0;394500.0;Ok_lo
8842.0;120500.0;412500.0;Ok_lo
8530.0;110500.0;410500.0;was_lo
6657.0;155500.0;398500.0;Ok_lo
1876.0;172500.0;367500.0;Ok_lo
5268.0;48500.0;391500.0;Ok_lo
6303.0;163500.0;396500.0;Ok_lo
704.0;188500.0;335500.0;Ok_lo
8131.0;173500.0;407500.0;was_lo
3899.0;192500.0;382500.0;was_lo
5504.0;108500.0;392500.0;Ok_lo
2043.0;24500.0;369500.0;was_lo
6785.0;102500.0;399500.0;Ok_lo
5991.0;25500.0;395500.0;Ok_lo
8240.0;128500.0;408500.0;Ok_lo
5579.0;183500.0;392500.0;Ok_lo
2480.0;63500.0;372500.0;Ok_lo
3402.0;79500.0;379500.0;Ok_lo
3103.0;204500.0;376500.0;Ok_lo
3619.0;196500.0;380500.0;Ok_lo
541.0;202988.888888889;326016.666666667;Ok_lo
8904.0;182500.0;412500.0;Ok_lo
9741.0;80498.6255387521;418355.595277813;Ok_lo
1649.0;159200.0;365975.0;Ok_lo
7024.0;165500.0;400500.0;Ok_lo
4773.0;99500.0;388500.0;was_lo
5636.0;47500.0;393500.0;Ok_lo
1169.0;52168.2170542636;358745.11627907;Ok_lo
8140.0;182500.0;407500.0;Ok_lo
2791.0;160500.0;374500.0;Ok_lo
3526.0;70500.0;380500.0;Ok_lo
6682.0;180500.0;398500.0;Ok_lo
2417.0;197500.0;371500.0;Ok_lo
2796.0;165500.0;374500.0;was_lo
2535.0;180500.0;372500.0;Ok_lo
5931.0;157500.0;394500.0;was_lo
5568.0;172500.0;392500.0;Ok_lo
6782.0;99500.0;399500.0;Ok_lo
5902.0;128500.0;394500.0;Ok_lo
5369.0;156500.0;391500.0;Ok_lo
9867.0;63500.0;419500.0;Ok_lo
6310.0;170500.0;396500.0;Ok_lo
3487.0;206500.0;379500.0;was_lo
2308.0;25500.0;371500.0;was_lo
324.0;188500.0;319500.0;was_lo
7800.0;147500.0;405500.0;Ok_lo
2196.0;46500.0;370500.0;Ok_lo
4253.0;74500.0;385500.0;was_lo
4009.0;155500.0;383500.0;was_lo
3259.0;56566.3734567901;378505.092592593;Ok_lo
6495.0;173500.0;397500.0;was_lo
8132.0;174500.0;407500.0;Ok_lo
6897.0;32500.0;400500.0;was_lo
7052.0;193500.0;400500.0;Ok_lo
813.0;185500.345423143;344483.419689119;was_lo
3371.0;26500.0;379500.0;was_lo
7812.0;159500.0;405500.0;Ok_lo
810.0;197260.784313725;343637.254901961;Ok_lo
4657.0;163500.0;387500.0;was_lo
2989.0;23500.0;376500.0;Ok_lo
3236.0;212368.628217643;377474.867112678;Ok_lo
2964.0;198500.0;375500.0;Ok_lo
5536.0;140500.0;392500.0;Ok_lo
7540.0;196500.0;403500.0;Ok_lo
2397.0;177500.0;371500.0;Ok_lo
7586.0;93500.0;404500.0;Ok_lo
7927.0;119500.0;406500.0;was_lo
7320.0;123500.0;402500.0;Ok_lo
9089.0;49500.0;414500.0;was_lo
9245.0;50500.0;415500.0;Ok_lo
1321.0;55500.0;361500.0;was_lo
6763.0;80500.0;399500.0;Ok_lo
6554.0;45500.0;398500.0;was_lo
465.0;180500.0;324500.0;Ok_lo
9182.0;151500.0;414500.0;Ok_lo
9391.0;39500.0;416500.0;Ok_lo
8799.0;71500.0;412500.0;Ok_lo
7606.0;113500.0;404500.0;Ok_lo
9354.0;165500.0;415500.0;Ok_lo
3133.0;34478.1627635099;377279.898638557;was_lo
2896.0;84500.0;375500.0;was_lo
9639.0;127500.0;417500.0;was_lo
8023.0;58500.0;407500.0;Ok_lo
4334.0;174500.0;385500.0;Ok_lo
4288.0;124499.027039398;385503.011183499;Ok_lo
9005.0;129500.0;413500.0;Ok_lo
911.0;191500.0;349500.0;Ok_lo
5871.0;97500.0;394500.0;was_lo
5647.0;58455.9082892416;393242.41622575;Ok_lo
6345.0;205500.0;396500.0;was_lo
9128.0;97500.0;414500.0;was_lo
5749.0;163500.0;393500.0;Ok_lo
8953.0;71500.0;413500.0;was_lo
129.0;190500.0;312500.0;Ok_lo
9847.0;186500.0;418500.0;was_lo
9024.0;148500.0;413500.0;Ok_lo
9558.0;46500.0;417500.0;Ok_lo
1982.0;158500.0;368500.0;was_lo
124.0;185500.0;312500.0;Ok_lo
5515.0;119500.0;392500.0;was_lo
3003.0;37133.3333333333;376133.333333333;Ok_lo
78.0;185500.0;310500.0;Ok_lo
9155.0;124500.0;414500.0;was_lo
6991.0;132500.0;400500.0;was_lo
4232.0;43500.0;385500.0;was_lo
225.0;180500.0;316500.0;was_lo
8418.0;156500.0;409500.0;was_lo
8481.0;59500.0;410500.0;Ok_lo
8590.0;170500.0;410500.0;was_lo
5056.0;209500.0;389500.0;Ok_lo
3753.0;191500.0;381500.0;was_lo
6719.0;31500.0;399500.0;was_lo
9065.0;189500.0;413500.0;Ok_lo
1650.0;164904.523809524;365898.095238095;was_lo
6948.0;89500.0;400500.0;was_lo
8055.0;97500.0;407500.0;Ok_lo
414.0;185500.0;322500.0;was_lo
3815.0;95855.8172133445;382540.650406504;was_lo
6602.0;100500.0;398500.0;was_lo
9172.0;141500.0;414500.0;Ok_lo
9455.0;104500.0;416500.0;was_lo
1833.0;55500.0;367500.0;was_lo
592.0;185500.0;329500.0;was_lo
1317.0;51500.0;361500.0;Ok_lo
218.0;173565.66566482;316557.407404737;Ok_lo
1869.0;165500.0;367500.0;Ok_lo
8694.0;122500.0;411500.0;was_lo
3493.0;212516.952951002;379179.091314031;Ok_lo
8723.0;151500.0;411500.0;was_lo
1203.0;200500.0;358500.0;was_lo
3278.0;122648.80952381;378678.571428571;Ok_lo
2988.0;22500.0;376500.0;Ok_lo
3193.0;169500.0;377500.0;Ok_lo
6876.0;193500.0;399500.0;Ok_lo
1622.0;57500.0;365500.0;Ok_lo
8241.0;129500.0;408500.0;Ok_lo
5508.0;112500.0;392500.0;was_lo
7726.0;73493.8438438438;405494.144144144;Ok_lo
2455.0;38500.0;372500.0;Ok_lo
5487.0;91500.0;392500.0;was_lo
749.0;194500.0;339500.0;Ok_lo
2431.0;14692.2049962315;372344.961237837;was_lo
1405.0;188500.0;362500.0;was_lo
9075.0;199139.379844961;413541.085271318;Ok_lo
3050.0;151500.0;376500.0;Ok_lo
9427.0;75500.0;416500.0;Ok_lo
9475.0;124500.0;416500.0;was_lo
2986.0;20500.0;376500.0;was_lo
9892.0;90500.0;419500.0;was_lo
2740.0;54500.0;374500.0;Ok_lo
2229.0;143500.0;370500.0;Ok_lo
3944.0;68500.0;383100.0;was_lo
3694.0;124500.0;381500.0;Ok_lo
1585.0;198500.0;364500.0;Ok_lo
9148.0;117500.0;414500.0;Ok_lo
7176.0;143500.0;401500.0;was_lo
9601.0;89500.0;417500.0;Ok_lo
2866.0;35500.0;375500.0;Ok_lo
9529.0;178500.0;416500.0;Ok_lo
666.0;194500.0;332500.0;Ok_lo
995.0;203500.0;352500.0;Ok_lo
2647.0;156500.0;373500.0;Ok_lo
5702.0;116500.0;393500.0;was_lo
8971.0;94559.8613196083;413613.387956751;Ok_lo
4267.0;95831.7857763867;385347.417840376;Ok_lo
2794.0;163500.0;374500.0;Ok_lo
6409.0;87500.0;397500.0;Ok_lo
5393.0;180500.0;391500.0;was_lo
718.0;182566.273352999;337542.133726647;Ok_lo
2870.0;51788.8220551378;375140.100250627;Ok_lo
8471.0;49731.8372232196;410806.877119489;Ok_lo
8696.0;124500.0;411500.0;was_lo
3603.0;180500.0;380500.0;Ok_lo
6879.0;196500.0;399500.0;was_lo
8037.0;72033.3333333333;407033.333333333;Ok_lo
9120.0;89556.862745098;414777.450980392;was_lo
8610.0;190500.0;410500.0;Ok_lo
1954.0;57500.0;368500.0;Ok_lo
1722.0;54500.0;366500.0;Ok_lo
9470.0;119500.0;416500.0;was_lo
6962.0;103500.0;400500.0;Ok_lo
3139.0;58500.0;377500.0;Ok_lo
1322.0;56496.0784332446;361503.734825556;was_lo
2439.0;22500.0;372500.0;Ok_lo
7491.0;147500.0;403500.0;Ok_lo
490.0;178919.05468032;325523.188420656;Ok_lo
1963.0;66500.0;368500.0;Ok_lo
3377.0;45500.0;379500.0;was_lo
750.0;195328.472221384;339704.166672971;Ok_lo
8940.0;54500.0;413500.0;Ok_lo
925.0;205077.777766218;349976.666667707;Ok_lo
80.0;187500.0;310500.0;was_lo
7100.0;67505.7057057057;401494.294294294;Ok_lo
1552.0;165900.0;364900.0;Ok_lo
9200.0;169500.0;414500.0;was_lo
1180.0;177500.0;358500.0;Ok_lo
3472.0;191500.0;379500.0;Ok_lo
9636.0;124500.0;417500.0;Ok_lo
2236.0;150500.0;370500.0;Ok_lo
4920.0;60500.0;389500.0;Ok_lo
9278.0;89500.0;415500.0;Ok_lo
2129.0;175500.0;369500.0;was_lo
1769.0;178500.0;366500.0;was_lo
9530.0;179500.0;416500.0;Ok_lo
7142.0;109500.0;401500.0;Ok_lo
2187.0;37500.0;370500.0;Ok_lo
7061.0;202500.0;400500.0;Ok_lo
7702.0;39477.1269177127;405673.675034868;Ok_lo
170.0;180500.0;314500.0;was_lo
2592.0;39500.0;373500.0;Ok_lo
8846.0;124500.0;412500.0;Ok_lo
8268.0;156500.0;408500.0;Ok_lo
7723.0;70500.0;405500.0;Ok_lo
6555.0;46500.0;398500.0;was_lo
532.0;193500.0;326500.0;Ok_lo
1450.0;63402.0771531702;363664.48353809;was_lo
504.0;192500.0;325500.0;Ok_lo
3083.0;184500.0;376500.0;Ok_lo
1683.0;197500.0;365500.0;Ok_lo
909.0;189500.0;349500.0;Ok_lo
9863.0;58489.1590214067;419364.95412844;Ok_lo
7940.0;132500.0;406500.0;Ok_lo
9502.0;151500.0;416500.0;Ok_lo
7215.0;182500.0;401500.0;was_lo
1489.0;194500.0;363500.0;Ok_lo
1932.0;35500.0;368500.0;Ok_lo
5524.0;128500.0;392500.0;was_lo
5248.0;28500.0;391500.0;was_lo
8273.0;161500.0;408500.0;Ok_lo
5319.0;106500.0;391500.0;was_lo
3256.0;45590.5472567681;378817.294483928;Ok_lo
855.0;193500.0;346500.0;Ok_lo
6256.0;116500.0;396500.0;was_lo
6768.0;85500.0;399500.0;Ok_lo
3496.0;21601.2920028799;380091.149884146;Ok_lo
7038.0;179500.0;400500.0;Ok_lo
8098.0;140500.0;407500.0;was_lo
1348.0;189500.0;361500.0;Ok_lo
9127.0;96500.0;414500.0;Ok_lo
983.0;191500.0;352500.0;was_lo
978.0;186605.234400002;352584.026087267;Ok_lo
498.0;186500.0;325500.0;Ok_lo
5277.0;57500.0;391500.0;Ok_lo
7861.0;40220.8333333333;406240.555555556;was_lo
6892.0;27500.0;400500.0;Ok_lo
9388.0;199253.846152918;415208.888890685;was_lo
2628.0;137517.454636785;373516.462653599;was_lo
7189.0;156500.0;401500.0;Ok_lo
3177.0;153500.0;377500.0;Ok_lo
9008.0;132500.0;413500.0;Ok_lo
4595.0;91163.4328358209;387771.641791045;Ok_lo
6670.0;168500.0;398500.0;was_lo
3054.0;155500.0;376500.0;Ok_lo
7264.0;67532.4681274034;402119.984390566;Ok_lo
6503.0;181500.0;397500.0;Ok_lo
8415.0;153500.0;409500.0;Ok_lo
8957.0;75500.0;413500.0;was_lo
1883.0;179500.0;367500.0;Ok_lo
8000.0;192500.0;406500.0;Ok_lo
4122.0;105416.666666667;384729.166666667;Ok_lo
3839.0;125499.943160772;382500.056949339;was_lo
8054.0;96500.0;407500.0;Ok_lo
4030.0;176500.0;383500.0;was_lo
7083.0;43500.0;401500.0;was_lo
2275.0;189500.0;370500.0;Ok_lo
9958.0;156500.0;419500.0;Ok_lo
1720.0;52500.0;366500.0;Ok_lo
9045.0;169500.0;413500.0;Ok_lo
2378.0;158500.0;371500.0;Ok_lo
362.0;194500.0;320500.0;was_lo
2933.0;167500.0;375500.0;was_lo
2269.0;183500.0;370500.0;Ok_lo
4957.0;107500.0;389500.0;Ok_lo
4013.0;159500.0;383500.0;Ok_lo
6466.0;144500.0;397500.0;was_lo
7548.0;204131.601731602;403919.191919192;was_lo
7858.0;37815.4166666667;406240.833333333;Ok_lo
1939.0;42500.0;368500.0;was_lo
8495.0;74520.1409869084;410524.025320098;Ok_lo
5732.0;146500.0;393500.0;Ok_lo
7870.0;59500.0;406500.0;Ok_lo
5484.0;88500.0;392500.0;Ok_lo
3590.0;167500.0;380500.0;was_lo
6570.0;68500.0;398500.0;Ok_lo
6641.0;139500.0;398500.0;Ok_lo
6841.0;158500.0;399500.0;Ok_lo
7955.0;147500.0;406500.0;was_lo
4505.0;181500.0;386500.0;was_lo
9522.0;171500.0;416500.0;Ok_lo
9714.0;50683.7319665908;418077.433561123;Ok_lo
171.0;181500.0;314500.0;was_lo
4290.0;126500.0;385500.0;Ok_lo
7072.0;32412.4250214225;401357.897743502;was_lo
8460.0;198500.0;409500.0;Ok_lo
5527.0;131500.0;392500.0;Ok_lo
6238.0;98500.0;396500.0;Ok_lo
1268.0;54500.0;360500.0;was_lo
7810.0;157500.0;405500.0;Ok_lo
9611.0;99500.0;417500.0;was_lo
98.0;181500.0;311500.0;was_lo
6308.0;168500.0;396500.0;Ok_lo
5197.0;168500.0;390500.0;was_lo
7873.0;62500.0;406500.0;Ok_lo
9573.0;61760.153256705;417568.199233716;Ok_lo
1189.0;186500.0;358500.0;Ok_lo
7237.0;204398.753894081;401333.783316026;Ok_lo
3142.0;61114.5978052955;377218.722104769;Ok_lo
1282.0;177500.0;360500.0;Ok_lo
4537.0;213025.0;386700.0;Ok_lo
9157.0;126500.0;414500.0;Ok_lo
6306.0;166500.0;396500.0;Ok_lo
7399.0;202500.0;402500.0;Ok_lo
7138.0;105500.0;401500.0;Ok_lo
3404.0;81500.0;379500.0;Ok_lo
7658.0;165500.0;404500.0;Ok_lo
9514.0;163500.0;416500.0;Ok_lo
4913.0;53500.0;389500.0;Ok_lo
3901.0;194500.0;382500.0;Ok_lo
4056.0;202500.0;383500.0;Ok_lo
6227.0;87500.0;396500.0;Ok_lo
9730.0;68500.0;418500.0;Ok_lo
8817.0;89424.8742475352;412211.641294464;Ok_lo
7187.0;154500.0;401500.0;Ok_lo
6164.0;206500.0;395500.0;was_lo
3549.0;119372.611464968;380880.732484076;Ok_lo
4111.0;86069.696969697;384117.171717172;Ok_lo
4665.0;171500.0;387500.0;was_lo
992.0;200500.0;352500.0;was_lo
617.0;188500.0;330500.0;Ok_lo
4792.0;122500.0;388500.0;Ok_lo
2411.0;191500.0;371500.0;Ok_lo
5525.0;129500.0;392500.0;was_lo
8958.0;76500.0;413500.0;was_lo
4989.0;142500.0;389500.0;Ok_lo
1728.0;60500.0;366500.0;was_lo
6741.0;58534.6153846154;399735.256410256;Ok_lo
8989.0;113500.0;413500.0;was_lo
9093.0;53500.0;414500.0;was_lo
5675.0;89500.0;393500.0;Ok_lo
1545.0;152153.11221817;364808.032869702;was_lo
3435.0;154500.0;379500.0;Ok_lo
3598.0;175500.0;380500.0;was_lo
9181.0;150500.0;414500.0;Ok_lo
4486.0;162500.0;386500.0;was_lo
9289.0;100500.0;415500.0;Ok_lo
6406.0;84500.0;397500.0;Ok_lo
271.0;198500.0;317500.0;Ok_lo
4840.0;170500.0;388500.0;was_lo
3040.0;141500.0;376500.0;was_lo
2922.0;156500.0;375500.0;Ok_lo
2614.0;62500.0;373500.0;was_lo
8048.0;90500.0;407500.0;Ok_lo
3895.0;188500.0;382500.0;Ok_lo
2388.0;168500.0;371500.0;Ok_lo
387.0;188500.0;321500.0;was_lo
7749.0;96500.0;405500.0;was_lo
3580.0;157500.0;380500.0;was_lo
7628.0;135500.0;404500.0;Ok_lo
1709.0;41500.0;366500.0;Ok_lo
2888.0;69530.9615455112;375526.610212984;Ok_lo
7792.0;139500.0;405500.0;was_lo
9395.0;43500.0;416500.0;was_lo
7225.0;192500.0;401500.0;Ok_lo
9136.0;105500.0;414500.0;Ok_lo
5089.0;52500.0;390500.0;Ok_lo
2041.0;22500.0;369500.0;was_lo
8905.0;183500.0;412500.0;Ok_lo
2211.0;61500.0;370500.0;Ok_lo
5825.0;46500.0;394500.0;Ok_lo
4251.0;64381.7307829698;385451.923075024;Ok_lo
9824.0;163500.0;418500.0;Ok_lo
4182.0;178500.0;384500.0;Ok_lo
7486.0;142500.0;403500.0;Ok_lo
8072.0;114500.0;407500.0;Ok_lo
2504.0;149500.0;372500.0;was_lo
5273.0;53500.0;391500.0;was_lo
2035.0;16500.0;369500.0;Ok_lo
3469.0;188500.0;379500.0;Ok_lo
3100.0;201500.0;376500.0;was_lo
6944.0;85500.0;400500.0;was_lo
5870.0;96500.0;394500.0;Ok_lo
7146.0;113500.0;401500.0;was_lo
2027.0;203500.0;368500.0;Ok_lo
4660.0;166500.0;387500.0;was_lo
8858.0;136500.0;412500.0;Ok_lo
3009.0;59500.0;376500.0;Ok_lo
6627.0;125500.0;398500.0;Ok_lo
4419.0;80500.0;386500.0;was_lo
8456.0;194500.0;409500.0;was_lo
8056.0;98500.0;407500.0;was_lo
3375.0;43966.6666666667;379973.333333333;was_lo
5194.0;165500.0;390500.0;Ok_lo
8149.0;191500.0;407500.0;Ok_lo
7632.0;139500.0;404500.0;was_lo
3494.0;213162.954186414;379173.048973144;Ok_lo
8927.0;41500.0;413500.0;Ok_lo
349.0;181500.0;320500.0;Ok_lo
7096.0;63500.0;401500.0;Ok_lo
4973.0;126500.0;389500.0;was_lo
8375.0;113500.0;409500.0;was_lo
786.0;188500.0;342500.0;Ok_lo
563.0;199350.739170369;327367.343123622;was_lo
2444.0;27500.0;372500.0;Ok_lo
7368.0;171500.0;402500.0;Ok_lo
4195.0;191500.0;384500.0;Ok_lo
8779.0;43500.0;412500.0;was_lo
4990.0;143500.0;389500.0;was_lo
1777.0;186500.0;366500.0;Ok_lo
4407.0;60500.0;386500.0;was_lo
9330.0;141500.0;415500.0;was_lo
6689.0;187500.0;398500.0;Ok_lo
2575.0;22500.0;373500.0;Ok_lo
7531.0;187500.0;403500.0;was_lo
1665.0;179500.0;365500.0;Ok_lo
1132.0;171560.975609921;357701.191151801;was_lo
7481.0;137500.0;403500.0;was_lo
9812.0;151500.0;418500.0;Ok_lo
7071.0;31495.045045045;401493.543543544;was_lo
6923.0;64500.0;400500.0;Ok_lo
2646.0;155500.0;373500.0;was_lo
8786.0;50500.0;412500.0;Ok_lo
6852.0;169500.0;399500.0;Ok_lo
3820.0;100538.347081293;382750.098336027;was_lo
1643.0;153500.0;365500.0;Ok_lo
8836.0;114500.0;412500.0;was_lo
9784.0;123500.0;418500.0;Ok_lo
439.0;182500.0;323500.0;was_lo
9125.0;94500.0;414500.0;was_lo
6925.0;66500.0;400500.0;Ok_lo
6690.0;188500.0;398500.0;Ok_lo
8976.0;99066.6666666667;413973.333333333;Ok_lo
7451.0;107500.0;403500.0;Ok_lo
3138.0;57500.0;377500.0;was_lo
9325.0;136500.0;415500.0;Ok_lo
885.0;185589.489495393;348422.867184245;Ok_lo
3331.0;184500.0;378500.0;Ok_lo
6153.0;195500.0;395500.0;Ok_lo
953.0;190500.0;351500.0;Ok_lo
1248.0;195500.0;359500.0;Ok_lo
6623.0;121500.0;398500.0;Ok_lo
447.0;190500.0;323500.0;Ok_lo
5115.0;86500.0;390500.0;Ok_lo
8101.0;143500.0;407500.0;Ok_lo
7526.0;182500.0;403500.0;Ok_lo
8853.0;131500.0;412500.0;Ok_lo
9102.0;64508.4246722545;414514.87481195;Ok_lo
4977.0;130500.0;389500.0;Ok_lo
1730.0;62500.0;366500.0;was_lo
4621.0;127500.0;387500.0;Ok_lo
6952.0;93500.0;400500.0;Ok_lo
8133.0;175500.0;407500.0;Ok_lo
8540.0;120500.0;410500.0;was_lo
4776.0;102500.0;388500.0;was_lo
1443.0;56500.0;363500.0;was_lo
3074.0;175500.0;376500.0;was_lo
9857.0;46988.8888888889;419033.333333333;Ok_lo
1830.0;52500.0;367500.0;Ok_lo
7438.0;94500.0;403500.0;Ok_lo
829.0;184551.833740831;345112.885085575;Ok_lo
9901.0;99500.0;419500.0;Ok_lo
572.0;187500.0;328500.0;was_lo
3305.0;158500.0;378500.0;was_lo
173.0;183500.0;314500.0;Ok_lo
4466.0;142500.0;386500.0;was_lo
4057.0;203500.0;383500.0;Ok_lo
9561.0;49518.482400996;417408.56439524;Ok_lo
2619.0;67581.8575394971;373475.945588363;Ok_lo
9660.0;148500.0;417500.0;Ok_lo
2658.0;167500.0;373500.0;Ok_lo
268.0;195500.0;317500.0;Ok_lo
1286.0;181500.0;360500.0;Ok_lo
5573.0;177500.0;392500.0;Ok_lo
8662.0;88500.0;411500.0;Ok_lo
9726.0;64500.0;418500.0;Ok_lo
2633.0;142500.0;373500.0;Ok_lo
5010.0;163500.0;389500.0;was_lo
9019.0;143500.0;413500.0;Ok_lo
211.0;194500.0;315500.0;Ok_lo
163.0;173933.333333333;314571.428571429;Ok_lo
936.0;197500.0;350500.0;Ok_lo
9837.0;176500.0;418500.0;Ok_lo
7446.0;102500.0;403500.0;Ok_lo
1390.0;173500.0;362500.0;was_lo
9423.0;71500.0;416500.0;was_lo
8075.0;117500.0;407500.0;Ok_lo
2882.0;63485.8844011441;375431.407207937;Ok_lo
8634.0;53500.0;411500.0;was_lo
851.0;189500.0;346500.0;Ok_lo
252.0;179500.0;317500.0;Ok_lo
9692.0;180500.0;417500.0;was_lo
102.0;185500.0;311500.0;Ok_lo
5187.0;158500.0;390500.0;was_lo
8308.0;196500.0;408500.0;Ok_lo
313.0;177500.0;319500.0;Ok_lo
7230.0;197500.0;401500.0;Ok_lo
7897.0;89500.0;406500.0;was_lo
8005.0;197500.0;406500.0;Ok_lo
1603.0;24451.1542130034;365485.380118509;Ok_lo
1222.0;169500.0;359500.0;Ok_lo
6649.0;147500.0;398500.0;was_lo
374.0;175652.248049947;321379.147284031;Ok_lo
7306.0;109500.0;402500.0;was_lo
8141.0;183500.0;407500.0;Ok_lo
9862.0;57893.3333333333;419280.0;Ok_lo
3499.0;24500.0;380500.0;was_lo
3587.0;164500.0;380500.0;Ok_lo
7909.0;101500.0;406500.0;Ok_lo
162.0;199283.673469388;313710.544217687;Ok_lo
9984.0;182500.0;419500.0;Ok_lo
1639.0;149500.0;365500.0;was_lo
8261.0;149500.0;408500.0;was_lo
5645.0;56500.0;393500.0;was_lo
8857.0;135500.0;412500.0;Ok_lo
9849.0;188500.00003451;418499.999890458;Ok_lo
1046.0;193500.0;354500.0;Ok_lo
3360.0;213089.393939394;378885.858585859;Ok_lo
4.0;178486.036036036;307901.801801802;was_lo
6950.0;91500.0;400500.0;Ok_lo
9068.0;192500.0;413500.0;Ok_lo
6018.0;52509.2071611253;395489.641943734;was_lo
9755.0;94500.0;418500.0;was_lo
3313.0;166500.0;378500.0;Ok_lo
9007.0;131500.0;413500.0;Ok_lo
8646.0;71507.7940153097;411564.221547416;Ok_lo
4426.0;87470.322898126;386539.57096997;Ok_lo
9886.0;84500.0;419500.0;Ok_lo
5195.0;166500.0;390500.0;Ok_lo
7209.0;176500.0;401500.0;was_lo
5584.0;188500.0;392500.0;Ok_lo
4879.0;209500.0;388500.0;Ok_lo
5307.0;94500.0;391500.0;Ok_lo
1885.0;181500.0;367500.0;Ok_lo
8983.0;107500.0;413500.0;was_lo
4824.0;154500.0;388500.0;was_lo
1479.0;184500.0;363500.0;Ok_lo
2690.0;199500.0;373500.0;Ok_lo
7027.0;168500.0;400500.0;was_lo
204.0;187500.0;315500.0;was_lo
7286.0;89500.0;402500.0;Ok_lo
8607.0;187500.0;410500.0;Ok_lo
4197.0;193500.0;384500.0;Ok_lo
7752.0;99500.0;405500.0;Ok_lo
1093.0;207592.592592593;355248.148148148;Ok_lo
2858.0;27500.0;375500.0;Ok_lo
1167.0;50490.4094085228;358528.402716268;Ok_lo
1934.0;37500.0;368500.0;was_lo
3617.0;194500.0;380500.0;Ok_lo
76.0;183500.0;310500.0;was_lo
1703.0;24372.4524255245;366482.269505825;Ok_lo
1784.0;193500.0;366500.0;Ok_lo
2393.0;173500.0;371500.0;Ok_lo
3812.0;84500.0;382500.0;Ok_lo
4807.0;137500.0;388500.0;was_lo
1704.0;36881.1162503855;366830.576112653;was_lo
1578.0;191500.0;364500.0;Ok_lo
1380.0;60462.5148279953;362701.233689205;was_lo
6007.0;41500.0;395500.0;Ok_lo
6648.0;146500.0;398500.0;Ok_lo
3299.0;152500.0;378500.0;Ok_lo
406.0;177500.0;322500.0;was_lo
8321.0;53500.0;409500.0;Ok_lo
8239.0;127500.0;408500.0;was_lo
2499.0;144500.0;372500.0;Ok_lo
667.0;195408.196721311;332337.704918033;Ok_lo
523.0;184500.0;326500.0;Ok_lo
7494.0;150500.0;403500.0;Ok_lo
3262.0;59500.0;378500.0;Ok_lo
6970.0;111500.0;400500.0;Ok_lo
5812.0;33500.0;394500.0;Ok_lo
115.0;176819.348659004;312280.842911877;Ok_lo
3238.0;15569.4890283794;378273.010899762;Ok_lo
2776.0;145500.0;374500.0;Ok_lo
1176.0;173500.0;358500.0;was_lo
5003.0;156500.0;389500.0;Ok_lo
9231.0;200189.743589744;414338.461538462;Ok_lo
4718.0;34500.0;388500.0;Ok_lo
1900.0;196500.0;367500.0;Ok_lo
8437.0;175500.0;409500.0;Ok_lo
7281.0;84500.0;402500.0;was_lo
7963.0;155500.0;406500.0;Ok_lo
2224.0;138500.0;370500.0;was_lo
9086.0;46500.0;414500.0;was_lo
5439.0;34500.0;392500.0;Ok_lo
1750.0;157500.0;366500.0;was_lo
752.0;182500.0;340500.0;Ok_lo
2635.0;144500.0;373500.0;Ok_lo
807.0;194500.0;343500.0;Ok_lo
6721.0;33206.7796610169;399325.423728814;Ok_lo
8443.0;181500.0;409500.0;was_lo
5686.0;100500.0;393500.0;Ok_lo
1018.0;196500.0;353500.0;Ok_lo
4270.0;98500.0;385500.0;Ok_lo
1499.0;204421.689785624;363570.479192938;was_lo
2297.0;14501.6186767551;371498.392388418;Ok_lo
578.0;193500.0;328500.0;was_lo
7715.0;62538.0750161366;405693.400576073;Ok_lo
8711.0;139500.0;411500.0;Ok_lo
8918.0;196500.0;412500.0;Ok_lo
4650.0;156500.0;387500.0;Ok_lo
5434.0;29500.0;392500.0;Ok_lo
1808.0;23500.0;367500.0;Ok_lo
2372.0;152500.0;371500.0;Ok_lo
8022.0;57500.0;407500.0;Ok_lo
2594.0;41365.9054868379;373363.044014519;Ok_lo
6880.0;197500.0;399500.0;Ok_lo
9729.0;67500.0;418500.0;Ok_lo
7151.0;118500.0;401500.0;Ok_lo
239.0;194500.0;316500.0;Ok_lo
7122.0;89500.0;401500.0;Ok_lo
7561.0;68500.0;404500.0;was_lo
9527.0;176500.0;416500.0;Ok_lo
6712.0;24569.4145747973;399295.173248406;was_lo
3245.0;22500.0;378500.0;Ok_lo
6073.0;115500.0;395500.0;was_lo
1783.0;192500.0;366500.0;Ok_lo
8446.0;184500.0;409500.0;Ok_lo
1594.0;15943.0468204053;365941.194968553;Ok_lo
45.0;177500.0;309500.0;was_lo
6293.0;153500.0;396500.0;Ok_lo
6047.0;89500.0;395500.0;Ok_lo
6628.0;126500.0;398500.0;Ok_lo
7441.0;97500.0;403500.0;was_lo
2889.0;70442.0801878879;375485.930772242;was_lo
9607.0;95500.0;417500.0;Ok_lo
9731.0;69500.0;418500.0;Ok_lo
6834.0;151500.0;399500.0;Ok_lo
773.0;189500.0;341500.0;was_lo
2148.0;194500.0;369500.0;Ok_lo
1023.0;201500.0;353500.0;Ok_lo
5635.0;46500.0;393500.0;Ok_lo
2180.0;30500.0;370500.0;Ok_lo
7094.0;61500.0;401500.0;Ok_lo
3166.0;142500.0;377500.0;Ok_lo
516.0;204269.673566059;325536.286685202;Ok_lo
2957.0;191500.0;375500.0;Ok_lo
2951.0;185500.0;375500.0;was_lo
2959.0;193500.0;375500.0;was_lo
2583.0;30500.0;373500.0;was_lo
1327.0;168500.0;361500.0;Ok_lo
3249.0;26500.0;378500.0;Ok_lo
1422.0;18573.897503574;363768.578393636;Ok_lo
8209.0;97500.0;408500.0;Ok_lo
8952.0;70500.0;413500.0;Ok_lo
6288.0;148500.0;396500.0;Ok_lo
360.0;192500.0;320500.0;Ok_lo
8378.0;116500.0;409500.0;Ok_lo
5949.0;175500.0;394500.0;Ok_lo
8620.0;37737.4698087225;411590.443334126;Ok_lo
711.0;185500.0;336500.0;Ok_lo
3558.0;135500.0;380500.0;was_lo
6543.0;34248.6524822695;398150.172239108;Ok_lo
963.0;200500.0;351500.0;was_lo
3085.0;186500.0;376500.0;Ok_lo
9813.0;152500.0;418500.0;Ok_lo
6045.0;87500.0;395500.0;was_lo
8973.0;96486.997337817;413518.220031335;Ok_lo
9776.0;115500.0;418500.0;Ok_lo
6082.0;124500.0;395500.0;was_lo
1227.0;174500.0;359500.0;was_lo
9159.0;128500.0;414500.0;Ok_lo
9680.0;168500.0;417500.0;Ok_lo
5865.0;91500.0;394500.0;Ok_lo
6655.0;153500.0;398500.0;was_lo
1514.0;44500.0;364500.0;was_lo
8850.0;128500.0;412500.0;Ok_lo
1173.0;170501.701421402;358501.797928574;Ok_lo
2026.0;202500.0;368500.0;Ok_lo
8445.0;183500.0;409500.0;Ok_lo
2665.0;174500.0;373500.0;was_lo
4414.0;75500.0;386500.0;Ok_lo
3178.0;154500.0;377500.0;Ok_lo
1871.0;167500.0;367500.0;Ok_lo
7833.0;180500.0;405500.0;Ok_lo
1535.0;65266.8481192681;364807.403593088;Ok_lo
7291.0;94500.0;402500.0;Ok_lo
7698.0;35966.6666666667;405077.777777778;Ok_lo
8357.0;95500.0;409500.0;Ok_lo
734.0;189186.171920607;338472.5627554;was_lo
3999.0;145500.0;383500.0;Ok_lo
9802.0;141500.0;418500.0;Ok_lo
8552.0;132500.0;410500.0;was_lo
3028.0;84500.0;376500.0;Ok_lo
3171.0;147500.0;377500.0;Ok_lo
5276.0;56500.0;391500.0;Ok_lo
636.0;185500.0;331500.0;Ok_lo
226.0;181500.0;316500.0;was_lo
6701.0;199500.0;398500.0;was_lo
6279.0;139500.0;396500.0;Ok_lo
533.0;194500.0;326500.0;Ok_lo
6343.0;203500.0;396500.0;was_lo
9494.0;143500.0;416500.0;Ok_lo
9649.0;137500.000510827;417500.0;Ok_lo
3092.0;193500.0;376500.0;Ok_lo
7674.0;181500.0;404500.0;was_lo
895.0;195500.0;348500.0;Ok_lo
7119.0;86500.0;401500.0;Ok_lo
5077.0;40500.0;390500.0;was_lo
6644.0;142500.0;398500.0;Ok_lo
584.0;199105.857546151;328412.544982617;Ok_lo
557.0;193500.0;327500.0;was_lo
6526.0;204500.0;397500.0;was_lo
1063.0;174495.493300853;355589.147381242;was_lo
8992.0;116500.0;413500.0;Ok_lo
9124.0;93500.0;414500.0;Ok_lo
5503.0;107500.0;392500.0;was_lo
2343.0;60500.0;371500.0;was_lo
1711.0;43500.0;366500.0;Ok_lo
5935.0;161500.0;394500.0;was_lo
1729.0;61500.0;366500.0;Ok_lo
8511.0;91500.0;410500.0;Ok_lo
4797.0;127500.0;388500.0;Ok_lo
9031.0;155500.0;413500.0;Ok_lo
4126.0;117500.0;384500.0;Ok_lo
2176.0;26500.0;370500.0;Ok_lo
1462.0;167500.0;363500.0;was_lo
367.0;199500.0;320500.0;Ok_lo
2185.0;35500.0;370500.0;was_lo
6583.0;81500.0;398500.0;Ok_lo
4263.0;84500.0;385500.0;Ok_lo
6786.0;103500.0;399500.0;Ok_lo
891.0;191500.0;348500.0;was_lo
2342.0;59500.0;371500.0;was_lo
3599.0;176500.0;380500.0;Ok_lo
3749.0;187500.0;381500.0;Ok_lo
5058.0;211500.0;389500.0;Ok_lo
2553.0;198500.0;372500.0;Ok_lo
4749.0;75500.0;388500.0;Ok_lo
5833.0;54207.1073207897;394264.770100549;Ok_lo
9768.0;107500.0;418500.0;Ok_lo
7287.0;90500.0;402500.0;Ok_lo
9941.0;139500.0;419500.0;was_lo
8091.0;133500.0;407500.0;was_lo
806.0;193500.0;343500.0;Ok_lo
1590.0;203500.0;364500.0;Ok_lo
420.0;191500.0;322500.0;Ok_lo
724.0;188500.0;337500.0;Ok_lo
1446.0;59500.0;363500.0;Ok_lo
6407.0;85500.0;397500.0;Ok_lo
1873.0;169500.0;367500.0;Ok_lo
3206.0;182500.0;377500.0;Ok_lo
9629.0;117500.0;417500.0;was_lo
9977.0;175500.0;419500.0;Ok_lo
7776.0;123500.0;405500.0;Ok_lo
3682.0;112505.587044534;381505.263157895;Ok_lo
3595.0;172500.0;380500.0;was_lo
3229.0;205500.0;377500.0;Ok_lo
9737.0;75324.4444444444;418256.140350877;Ok_lo
2994.0;28500.0;376500.0;Ok_lo
5965.0;191500.0;394500.0;Ok_lo
7775.0;122500.0;405500.0;Ok_lo
5925.0;151500.0;394500.0;was_lo
202.0;185500.0;315500.0;Ok_lo
278.0;174500.0;318500.0;Ok_lo
382.0;183500.0;321500.0;was_lo
1778.0;187500.0;366500.0;Ok_lo
1741.0;148500.0;366500.0;Ok_lo
6217.0;77500.0;396500.0;Ok_lo
4758.0;84500.0;388500.0;Ok_lo
6608.0;106500.0;398500.0;Ok_lo
7080.0;40533.6927590693;401444.551838632;was_lo
38.0;194496.505376344;308503.817204301;was_lo
6885.0;202500.0;399500.0;Ok_lo
390.0;191500.0;321500.0;Ok_lo
5776.0;190500.0;393500.0;was_lo
6307.0;167500.0;396500.0;Ok_lo
9419.0;67500.0;416500.0;Ok_lo
3489.0;208500.0;379500.0;Ok_lo
593.0;186500.0;329500.0;was_lo
9632.0;120500.0;417500.0;Ok_lo
5204.0;175500.0;390500.0;Ok_lo
3978.0;119500.0;383500.0;was_lo
1768.0;177500.0;366500.0;Ok_lo
373.0;174815.884771029;321147.942386055;was_lo
7766.0;113500.0;405500.0;was_lo
7218.0;185500.0;401500.0;was_lo
7493.0;149500.0;403500.0;was_lo
3504.0;42960.4597722524;380872.030647464;was_lo
1366.0;46500.0;362500.0;Ok_lo
3078.0;179500.0;376500.0;Ok_lo
4166.0;162500.0;384500.0;was_lo
2919.0;153500.0;375500.0;Ok_lo
4425.0;86500.0;386500.0;Ok_lo
2399.0;179500.0;371500.0;Ok_lo
5203.0;174500.0;390500.0;Ok_lo
6434.0;112500.0;397500.0;was_lo
8604.0;184500.0;410500.0;was_lo
9612.0;100500.0;417500.0;Ok_lo
2464.0;47496.2963040286;372495.117857272;Ok_lo
70.0;177513.961090788;310504.511237228;Ok_lo
968.0;205500.0;351500.0;was_lo
3690.0;120500.0;381500.0;Ok_lo
4196.0;192500.0;384500.0;Ok_lo
6527.0;205500.0;397500.0;Ok_lo
6857.0;174500.0;399500.0;Ok_lo
1644.0;154500.0;365500.0;Ok_lo
3890.0;183500.0;382500.0;Ok_lo
717.0;181710.52631579;337890.350877193;Ok_lo
3189.0;165500.0;377500.0;Ok_lo
8656.0;81500.0;411500.0;was_lo
4934.0;84500.0;389500.0;Ok_lo
7430.0;86500.0;403500.0;Ok_lo
7277.0;80500.0;402500.0;Ok_lo
2110.0;156500.0;369500.0;was_lo
3209.0;185500.0;377500.0;Ok_lo
8434.0;172500.0;409500.0;Ok_lo
9478.0;127500.0;416500.0;Ok_lo
5535.0;139500.0;392500.0;Ok_lo
975.0;183472.699571993;352539.528743426;Ok_lo
9158.0;127500.0;414500.0;Ok_lo
1158.0;197500.0;357500.0;Ok_lo
5787.0;201500.0;393500.0;Ok_lo
894.0;194500.0;348500.0;Ok_lo
9071.0;195500.0;413500.0;Ok_lo
8021.0;56500.0;407500.0;Ok_lo
458.0;201500.0;323500.0;Ok_lo
7011.0;152500.0;400500.0;Ok_lo
4628.0;134500.0;387500.0;Ok_lo
1988.0;164500.0;368500.0;Ok_lo
674.0;182500.0;333500.0;Ok_lo
2809.0;178500.0;374500.0;Ok_lo
8954.0;72500.0;413500.0;Ok_lo
7503.0;159500.0;403500.0;Ok_lo
9657.0;145500.0;417500.0;Ok_lo
1818.0;40500.0;367500.0;Ok_lo
621.0;192500.0;330500.0;Ok_lo
3746.0;184500.0;381500.0;Ok_lo
8687.0;115500.0;411500.0;Ok_lo
8956.0;74500.0;413500.0;Ok_lo
7899.0;91500.0;406500.0;Ok_lo
1868.0;164507.106598985;367506.091370558;was_lo
5425.0;212181.152380952;391466.866666667;Ok_lo
3524.0;68500.0;380500.0;was_lo
72.0;179500.0;310500.0;was_lo
8410.0;148500.0;409500.0;was_lo
1566.0;179500.0;364500.0;was_lo
3555.0;125006.666666667;380991.666666667;was_lo
7716.0;63409.3272171254;405699.923547401;was_lo
7916.0;108500.0;406500.0;Ok_lo
9212.0;181500.0;414500.0;Ok_lo
6313.0;173500.0;396500.0;Ok_lo
4250.0;63500.0;385500.0;was_lo
4410.0;63471.0455778465;386474.664880781;was_lo
6353.0;23500.0;397500.0;Ok_lo
8118.0;160500.0;407500.0;was_lo
7541.0;197500.0;403500.0;Ok_lo
8314.0;202464.814191086;408301.441113731;Ok_lo
6881.0;198500.0;399500.0;Ok_lo
2426.0;206500.0;371500.0;Ok_lo
9651.0;139500.000310184;417500.000419942;was_lo
8955.0;73500.0;413500.0;was_lo
9085.0;45500.0;414500.0;Ok_lo
7902.0;94500.0;406500.0;Ok_lo
7634.0;141500.0;404500.0;Ok_lo
3614.0;191500.0;380500.0;Ok_lo
2877.0;58500.0;375500.0;was_lo
6935.0;76500.0;400500.0;Ok_lo
4012.0;158500.0;383500.0;was_lo
302.0;198500.0;318500.0;Ok_lo
5755.0;169500.0;393500.0;was_lo
2935.0;169500.0;375500.0;Ok_lo
1293.0;188500.0;360500.0;Ok_lo
8944.0;58500.0;413500.0;Ok_lo
440.0;183500.0;323500.0;Ok_lo
6664.0;162500.0;398500.0;Ok_lo
177.0;187500.0;314500.0;was_lo
7290.0;93500.0;402500.0;Ok_lo
8854.0;132500.0;412500.0;Ok_lo
5386.0;173500.0;391500.0;Ok_lo
3321.0;174500.0;378500.0;Ok_lo
907.0;187500.0;349500.0;Ok_lo
9109.0;71500.0;414500.0;Ok_lo
2271.0;185500.0;370500.0;was_lo
5715.0;129500.0;393500.0;Ok_lo
1191.0;188500.0;358500.0;Ok_lo
9873.0;69500.0;419500.0;was_lo
3029.0;85500.0;376500.0;Ok_lo
6489.0;167500.0;397500.0;Ok_lo
3996.0;142500.0;383500.0;was_lo
639.0;188500.0;331500.0;was_lo
3365.0;20523.099937497;379467.524438194;Ok_lo
8444.0;182500.0;409500.0;Ok_lo
6494.0;172500.0;397500.0;was_lo
9042.0;166500.0;413500.0;Ok_lo
678.0;186500.0;333500.0;Ok_lo
7088.0;48500.0;401500.0;was_lo
407.0;178500.0;322500.0;was_lo
8562.0;142500.0;410500.0;Ok_lo
1136.0;175500.0;357500.0;was_lo
7324.0;127500.0;402500.0;Ok_lo
8003.0;195499.999842977;406500.000104687;Ok_lo
8051.0;93500.0;407500.0;was_lo
4652.0;158500.0;387500.0;Ok_lo
8008.0;200500.0;406500.0;Ok_lo
2677.0;186499.99978519;373500.000452462;Ok_lo
613.0;184500.0;330500.0;Ok_lo
4302.0;142500.0;385500.0;was_lo
2975.0;209500.0;375500.0;Ok_lo
7443.0;99500.0;403500.0;Ok_lo
79.0;186500.0;310500.0;was_lo
7615.0;122500.0;404500.0;was_lo
8468.0;41482.3022122235;410812.564054493;Ok_lo
3183.0;159500.0;377500.0;was_lo
8228.0;116500.0;408500.0;Ok_lo
1461.0;166922.282809853;363453.692842407;Ok_lo
1229.0;176500.0;359500.0;Ok_lo
8134.0;176500.0;407500.0;Ok_lo
6996.0;137500.0;400500.0;was_lo
9492.0;141500.0;416500.0;Ok_lo
6656.0;154500.0;398500.0;was_lo
2831.0;200500.0;374500.0;Ok_lo
8333.0;65399.7289984069;409394.037940939;Ok_lo
3625.0;202500.0;380500.0;Ok_lo
9428.0;76470.3309427761;416473.066387768;Ok_lo
6971.0;112500.0;400500.0;Ok_lo
4110.0;85460.2662570405;384315.03328213;Ok_lo
1288.0;183500.0;360500.0;was_lo
9356.0;167500.0;415500.0;Ok_lo
1103.0;178500.0;356500.0;was_lo
7877.0;66503.1081363818;406496.864291441;Ok_lo
4974.0;127500.0;389500.0;was_lo
8674.0;102500.0;411500.0;Ok_lo
9834.0;173500.0;418500.0;Ok_lo
495.0;183500.0;325500.0;Ok_lo
6868.0;185500.0;399500.0;Ok_lo
8769.0;197500.0;411500.0;Ok_lo
3959.0;83500.0;383500.0;Ok_lo
5744.0;158500.0;393500.0;was_lo
2538.0;183500.000245675;372500.002350617;Ok_lo
8138.0;180500.0;407500.0;Ok_lo
3664.0;72500.0;381500.0;was_lo
7944.0;136500.0;406500.0;Ok_lo
1515.0;45500.0;364500.0;Ok_lo
5411.0;198500.0;391500.0;Ok_lo
9091.0;51500.0;414500.0;Ok_lo
2622.0;70508.1871345029;373428.479532164;Ok_lo
5730.0;144500.0;393500.0;Ok_lo
4249.0;62500.0;385500.0;Ok_lo
7709.0;56500.0;405500.0;was_lo
8254.0;142500.0;408500.0;Ok_lo
6134.0;176500.0;395500.0;Ok_lo
2093.0;139445.992945616;369582.758095921;Ok_lo
2512.0;157500.0;372500.0;Ok_lo
8454.0;192500.0;409500.0;Ok_lo
8233.0;121500.0;408500.0;Ok_lo
8127.0;169500.0;407500.0;was_lo
9548.0;197364.900673561;416245.45989489;Ok_lo
8700.0;128500.0;411500.0;was_lo
5140.0;111388.691796009;390736.940133038;Ok_lo
6716.0;28500.0;399500.0;Ok_lo
1584.0;197500.0;364500.0;Ok_lo
449.0;192500.0;323500.0;was_lo
1677.0;191500.0;365500.0;Ok_lo
8326.0;58500.0;409500.0;Ok_lo
2669.0;178500.0;373500.0;Ok_lo
2615.0;63500.0;373500.0;Ok_lo
4462.0;138500.0;386500.0;Ok_lo
8013.0;205100.956282551;406795.081957064;Ok_lo
4599.0;99500.0;387500.0;Ok_lo
9118.0;80220.5128253682;414204.761905809;Ok_lo
8364.0;102500.0;409500.0;Ok_lo
1469.0;174500.0;363500.0;Ok_lo
8777.0;41500.0;412500.0;Ok_lo
7126.0;93500.0;401500.0;Ok_lo
8860.0;138500.0;412500.0;Ok_lo
4201.0;197500.0;384500.0;Ok_lo
4063.0;209500.0;383500.0;Ok_lo
3369.0;24500.0;379500.0;Ok_lo
716.0;190145.751633987;336045.098039216;was_lo
5462.0;57500.0;392500.0;Ok_lo
7428.0;84500.0;403500.0;Ok_lo
9856.0;195125.925925926;418896.96969697;Ok_lo
3002.0;36476.8388106416;376479.342723005;Ok_lo
8522.0;102500.0;410500.0;Ok_lo
1259.0;45500.0;360500.0;was_lo
6118.0;160500.0;395500.0;Ok_lo
4450.0;123500.0;386500.0;was_lo
8888.0;166500.0;412500.0;Ok_lo
1717.0;49500.0;366500.0;Ok_lo
5721.0;135500.0;393500.0;Ok_lo
8417.0;155500.0;409500.0;Ok_lo
7389.0;192500.0;402500.0;Ok_lo
7842.0;189500.0;405500.0;Ok_lo
5017.0;170500.0;389500.0;Ok_lo
1913.0;15503.6523929471;368503.022670025;Ok_lo
1145.0;184500.0;357500.0;Ok_lo
7190.0;157500.0;401500.0;Ok_lo
974.0;182641.878612717;352522.808285164;Ok_lo
9137.0;106500.0;414500.0;was_lo
9865.0;61521.3383364603;419489.488966318;Ok_lo
4268.0;96500.0;385500.0;Ok_lo
7330.0;133500.0;402500.0;Ok_lo
4854.0;184500.0;388500.0;Ok_lo
2423.0;203500.0;371500.0;Ok_lo
5723.0;137500.0;393500.0;Ok_lo
8550.0;130500.0;410500.0;Ok_lo
6611.0;109500.0;398500.0;Ok_lo
4562.0;49500.0;387500.0;was_lo
2995.0;29500.0;376500.0;Ok_lo
2391.0;171500.0;371500.0;Ok_lo
5784.0;198500.0;393500.0;was_lo
6819.0;136500.0;399500.0;Ok_lo
5441.0;36500.0;392500.0;was_lo
4550.0;37479.2504644213;387597.516110952;was_lo
4756.0;82500.0;388500.0;Ok_lo
9027.0;151500.0;413500.0;was_lo
5693.0;107500.0;393500.0;was_lo
2420.0;200500.0;371500.0;Ok_lo
7934.0;126500.0;406500.0;Ok_lo
7805.0;152500.0;405500.0;was_lo
6940.0;81500.0;400500.0;Ok_lo
486.0;201500.0;324500.0;Ok_lo
3350.0;203500.0;378500.0;was_lo
4801.0;131500.0;388500.0;was_lo
2077.0;58500.0;369500.0;was_lo
7069.0;29501.8595985021;401497.97768674;Ok_lo
3521.0;65534.0053763441;380575.321117055;was_lo
972.0;209214.596949891;351793.845315904;Ok_lo
1698.0;19500.0;366500.0;Ok_lo
9251.0;56500.0;415500.0;Ok_lo
2716.0;26500.0;374500.0;was_lo
5172.0;143500.0;390500.0;was_lo
5934.0;160500.0;394500.0;Ok_lo
5022.0;175500.0;389500.0;was_lo
8533.0;113500.0;410500.0;Ok_lo
5984.0;210266.666666667;394186.666666667;was_lo
4978.0;131500.0;389500.0;was_lo
9074.0;198500.0;413500.0;Ok_lo
872.0;192500.0;347500.0;was_lo
3000.0;34500.0;376500.0;Ok_lo
6388.0;66500.0;397500.0;Ok_lo
1912.0;14733.5051546392;368796.907216495;Ok_lo
839.0;194500.0;345500.0;was_lo
2358.0;138500.0;371500.0;was_lo
5090.0;53500.0;390500.0;Ok_lo
5424.0;211500.0;391500.0;Ok_lo
4255.0;76500.0;385500.0;Ok_lo
5939.0;165500.0;394500.0;Ok_lo
1264.0;50544.0606743359;360558.005962463;Ok_lo
2071.0;52500.0;369500.0;Ok_lo
2095.0;141020.0;369991.666666667;Ok_lo
1320.0;54500.0;361500.0;Ok_lo
7781.0;128500.0;405500.0;Ok_lo
7140.0;107500.0;401500.0;Ok_lo
7846.0;193500.0;405500.0;was_lo
4421.0;82500.0;386500.0;Ok_lo
6767.0;84500.0;399500.0;Ok_lo
1811.0;26075.0;367900.0;was_lo
9555.0;43500.0;417500.0;was_lo
6755.0;72500.0;399500.0;Ok_lo
7826.0;173500.0;405500.0;Ok_lo
7139.0;106500.0;401500.0;Ok_lo
847.0;185528.056628057;346780.780780781;Ok_lo
182.0;192500.0;314500.0;Ok_lo
6992.0;133500.0;400500.0;Ok_lo
7439.0;95500.0;403500.0;Ok_lo
8049.0;91500.0;407500.0;Ok_lo
56.0;188500.0;309500.0;Ok_lo
9616.0;104500.0;417500.0;Ok_lo
1235.0;182500.0;359500.0;Ok_lo
4161.0;157500.0;384500.0;was_lo
9688.0;176500.0;417500.0;Ok_lo
2432.0;15500.0;372500.0;was_lo
2503.0;148500.0;372500.0;Ok_lo
1908.0;204500.0;367500.0;Ok_lo
7250.0;43619.9275362319;402274.758454106;was_lo
9023.0;147500.0;413500.0;was_lo
7589.0;96500.0;404500.0;was_lo
7937.0;129500.0;406500.0;Ok_lo
2119.0;165500.0;369500.0;Ok_lo
4411.0;64209.8917292426;386175.974981453;Ok_lo
8164.0;39709.3211397502;408449.612761811;Ok_lo
5907.0;133500.0;394500.0;Ok_lo
8382.0;120500.0;409500.0;Ok_lo
5605.0;209500.0;392500.0;Ok_lo
7375.0;178500.0;402500.0;Ok_lo
165.0;175513.579682093;314525.087492913;Ok_lo
7059.0;200500.0;400500.0;Ok_lo
7210.0;177500.0;401500.0;was_lo
4795.0;125500.0;388500.0;Ok_lo
697.0;181818.158392552;335494.659311618;Ok_lo
4576.0;63235.3951964331;387343.556710187;Ok_lo
7620.0;127500.0;404500.0;was_lo
6147.0;189500.0;395500.0;Ok_lo
5148.0;119500.0;390500.0;was_lo
8778.0;42500.0;412500.0;Ok_lo
9293.0;104500.0;415500.0;Ok_lo
3008.0;58500.0;376500.0;Ok_lo
9174.0;143500.0;414500.0;Ok_lo
4092.0;64498.9569502011;384498.997854121;Ok_lo
160.0;197577.690461747;313644.192742171;was_lo
6571.0;69500.0;398500.0;Ok_lo
9000.0;124500.0;413500.0;Ok_lo
7358.0;161500.0;402500.0;was_lo
1967.0;70264.9717596881;368674.305543313;Ok_lo
9041.0;165500.0;413500.0;Ok_lo
914.0;194500.0;349500.0;was_lo
7037.0;178500.0;400500.0;was_lo
2104.0;150500.0;369500.0;Ok_lo
4574.0;61500.0;387500.0;Ok_lo
5859.0;85500.0;394500.0;Ok_lo
6827.0;144500.0;399500.0;Ok_lo
5556.0;160500.0;392500.0;Ok_lo
1483.0;188500.0;363500.0;Ok_lo
522.0;183500.0;326500.0;Ok_lo
3091.0;192500.0;376500.0;Ok_lo
5360.0;147500.0;391500.0;Ok_lo
2191.0;41500.0;370500.0;Ok_lo
4651.0;157500.0;387500.0;Ok_lo
5346.0;133500.0;391500.0;Ok_lo
9808.0;147500.0;418500.0;was_lo
8803.0;75500.0;412500.0;Ok_lo
8029.0;64500.0;407500.0;Ok_lo
4708.0;24952.1317829457;388916.020671835;was_lo
3826.0;112546.228710462;382352.311435523;Ok_lo
1481.0;186500.0;363500.0;was_lo
9066.0;190500.0;413500.0;Ok_lo
2294.0;208456.721915285;370526.427255985;Ok_lo
4627.0;133500.0;387500.0;was_lo
1359.0;200500.0;361500.0;Ok_lo
229.0;184500.0;316500.0;Ok_lo
9294.0;105500.0;415500.0;Ok_lo
2651.0;160500.0;373500.0;Ok_lo
6889.0;206265.957446809;399395.744680851;was_lo
8448.0;186500.0;409500.0;Ok_lo
3620.0;197500.0;380500.0;Ok_lo
6708.0;206492.156862745;398492.022792023;Ok_lo
9798.0;137500.0;418500.0;was_lo
5107.0;78500.0;390500.0;Ok_lo
2363.0;143500.0;371500.0;Ok_lo
3105.0;206500.0;376500.0;Ok_lo
7062.0;203500.0;400500.0;Ok_lo
642.0;191526.459510358;331446.70433145;Ok_lo
7588.0;95500.0;404500.0;Ok_lo
6722.0;34824.8888888889;399672.0;was_lo
6706.0;204500.0;398500.0;Ok_hi
6373.0;43555.6455715597;397590.025322758;Ok_hi
3015.0;70410.6572769953;376171.283255086;Ok_hi
761.0;192816.085078099;340570.621468927;was_hi
3805.0;77500.0;382500.0;Ok_hi
6277.0;137500.0;396500.0;Ok_hi
6403.0;81500.0;397500.0;Ok_hi
7676.0;183500.0;404500.0;was_hi
1806.0;21500.0;367500.0;Ok_hi
3385.0;57500.0;379500.0;Ok_hi
4456.0;131386.666666667;386966.666666667;Ok_hi
4928.0;78500.0;389500.0;Ok_hi
818.0;190500.0;344500.0;Ok_hi
4363.0;203500.0;385500.0;Ok_hi
7610.0;117500.0;404500.0;Ok_hi
6014.0;48451.7936136203;395323.794189807;Ok_hi
1464.0;169500.0;363500.0;was_hi
9909.0;107500.0;419500.0;Ok_hi
1171.0;168609.729062277;358818.739856349;was_hi
5352.0;139500.0;391500.0;Ok_hi
7825.0;172500.0;405500.0;Ok_hi
2967.0;201500.0;375500.0;Ok_hi
6770.0;87500.0;399500.0;was_hi
6928.0;69500.0;400500.0;was_hi
7455.0;111500.0;403500.0;Ok_hi
4321.0;161500.0;385500.0;Ok_hi
1786.0;195500.0;366500.0;was_hi
3156.0;88068.4211706616;377092.857414597;Ok_hi
5676.0;90500.0;393500.0;Ok_hi
5423.0;210500.0;391500.0;Ok_hi
3523.0;67500.0;380500.0;was_hi
9193.0;162500.0;414500.0;Ok_hi
9283.0;94500.0;415500.0;Ok_hi
5761.0;175500.0;393500.0;Ok_hi
7855.0;202500.0;405500.0;was_hi
9057.0;181500.0;413500.0;Ok_hi
5009.0;162500.0;389500.0;Ok_hi
1977.0;153500.0;368500.0;Ok_hi
1980.0;156500.0;368500.0;was_hi
7160.0;127500.0;401500.0;Ok_hi
4687.0;193500.0;387500.0;was_hi
228.0;183500.0;316500.0;Ok_hi
6855.0;172500.0;399500.0;Ok_hi
2032.0;208166.666666667;368738.095238095;Ok_hi
520.0;181500.0;326500.0;Ok_hi
4215.0;211500.0;384500.0;Ok_hi
5877.0;103500.0;394500.0;Ok_hi
6877.0;194500.0;399500.0;Ok_hi
5164.0;135500.0;390500.0;was_hi
1115.0;190500.0;356500.0;Ok_hi
4174.0;170500.0;384500.0;Ok_hi
3916.0;209500.0;382500.0;Ok_hi
7390.0;193500.0;402500.0;was_hi
5570.0;174500.0;392500.0;Ok_hi
4068.0;29066.6666666667;384966.666666667;Ok_hi
8524.0;104500.0;410500.0;Ok_hi
6787.0;104500.0;399500.0;was_hi
6314.0;174500.0;396500.0;Ok_hi
9961.0;159500.0;419500.0;Ok_hi
428.0;199500.0;322500.0;Ok_hi
6183.0;34500.0;396500.0;Ok_hi
9064.0;188500.0;413500.0;was_hi
691.0;186500.0;334500.0;was_hi
1030.0;208377.089255259;353259.735645253;Ok_hi
8698.0;126500.0;411500.0;Ok_hi
107.0;190500.0;311500.0;Ok_hi
3849.0;142500.0;382500.0;Ok_hi
8283.0;171500.0;408500.0;was_hi
1329.0;170500.0;361500.0;was_hi
5472.0;76500.0;392500.0;Ok_hi
6187.0;38509.5238095238;396506.802721088;Ok_hi
8705.0;133500.0;411500.0;was_hi
9511.0;160500.0;416500.0;Ok_hi
5109.0;80500.0;390500.0;was_hi
2226.0;140500.0;370500.0;was_hi
8386.0;124500.0;409500.0;was_hi
8784.0;48500.0;412500.0;Ok_hi
6784.0;101500.0;399500.0;Ok_hi
6559.0;50500.0;398500.0;was_hi
4789.0;119500.0;388500.0;Ok_hi
279.0;175500.0;318500.0;was_hi
5520.0;124500.0;392500.0;was_hi
5596.0;200500.0;392500.0;Ok_hi
7477.0;133500.0;403500.0;Ok_hi
7666.0;173500.0;404500.0;Ok_hi
1629.0;64500.0;365500.0;was_hi
7618.0;125500.0;404500.0;Ok_hi
8563.0;143500.0;410500.0;Ok_hi
1613.0;48500.0;365500.0;was_hi
1973.0;149500.0;368500.0;was_hi
1295.0;190500.0;360500.0;was_hi
4906.0;46500.0;389500.0;was_hi
1846.0;68484.4007451469;367517.063489448;was_hi
3172.0;148500.0;377500.0;Ok_hi
7956.0;148500.0;406500.0;Ok_hi
4916.0;56500.0;389500.0;was_hi
9718.0;55514.3482155161;418290.285405881;was_hi
4636.0;142500.0;387500.0;Ok_hi
3501.0;26492.9310020681;380494.322241023;Ok_hi
7591.0;98500.0;404500.0;Ok_hi
6251.0;111500.0;396500.0;was_hi
2022.0;198500.0;368500.0;was_hi
4569.0;56500.0;387500.0;Ok_hi
7511.0;167500.0;403500.0;Ok_hi
1891.0;187500.0;367500.0;was_hi
4300.0;140500.0;385500.0;Ok_hi
4963.0;116500.0;389500.0;Ok_hi
8835.0;113500.0;412500.0;Ok_hi
7664.0;171500.0;404500.0;Ok_hi
8962.0;80478.2503651621;413477.797676378;Ok_hi
6327.0;187500.0;396500.0;Ok_hi
3202.0;178500.0;377500.0;Ok_hi
6400.0;78500.0;397500.0;was_hi
1942.0;45500.0;368500.0;Ok_hi
4364.0;204500.0;385500.0;Ok_hi
49.0;181111.111111111;309878.787878788;Ok_hi
7821.0;168500.0;405500.0;Ok_hi
835.0;190500.0;345500.0;Ok_hi
3466.0;185500.0;379500.0;was_hi
723.0;187500.0;337500.0;Ok_hi
6788.0;105500.0;399500.0;was_hi
3030.0;86500.0;376500.0;was_hi
4881.0;211500.0;388500.0;was_hi
5575.0;179500.0;392500.0;was_hi
5926.0;152500.0;394500.0;Ok_hi
782.0;184500.0;342500.0;was_hi
2256.0;170500.0;370500.0;Ok_hi
6849.0;166500.0;399500.0;was_hi
4912.0;52500.0;389500.0;was_hi
1842.0;64500.0;367500.0;Ok_hi
4785.0;115787.182910547;388705.794392523;Ok_hi
9018.0;142500.0;413500.0;Ok_hi
4828.0;158500.0;388500.0;Ok_hi
7415.0;71527.6595744681;403491.489361702;Ok_hi
9525.0;174500.0;416500.0;Ok_hi
3711.0;149500.0;381500.0;Ok_hi
6754.0;71500.0;399500.0;was_hi
1458.0;151359.523809524;363909.523809524;Ok_hi
9364.0;175500.0;415500.0;Ok_hi
8467.0;40456.1403508772;410676.023391813;Ok_hi
5046.0;199500.0;389500.0;Ok_hi
9424.0;72500.0;416500.0;was_hi
6214.0;74500.0;396500.0;Ok_hi
1975.0;151500.0;368500.0;Ok_hi
1946.0;49500.0;368500.0;was_hi
4979.0;132500.0;389500.0;Ok_hi
2181.0;31500.0;370500.0;Ok_hi
7947.0;139500.0;406500.0;was_hi
8204.0;92500.0;408500.0;was_hi
7017.0;158500.0;400500.0;Ok_hi
7161.0;128500.0;401500.0;was_hi
8830.0;108500.0;412500.0;was_hi
956.0;193500.0;351500.0;was_hi
6509.0;187500.0;397500.0;Ok_hi
4506.0;182500.0;386500.0;Ok_hi
4010.0;156500.0;383500.0;Ok_hi
3693.0;123500.0;381500.0;Ok_hi
5185.0;156500.0;390500.0;was_hi
2015.0;191500.0;368500.0;Ok_hi
772.0;188500.0;341500.0;Ok_hi
4370.0;210500.0;385500.0;Ok_hi
9647.0;135500.0;417500.0;Ok_hi
1523.0;53500.0;364500.0;Ok_hi
5251.0;31500.0;391500.0;Ok_hi
6220.0;80500.0;396500.0;Ok_hi
4153.0;149500.0;384500.0;was_hi
8280.0;168500.0;408500.0;Ok_hi
5927.0;153500.0;394500.0;Ok_hi
6156.0;198500.0;395500.0;Ok_hi
9177.0;146500.0;414500.0;was_hi
3712.0;150500.0;381500.0;Ok_hi
9908.0;106500.0;419500.0;Ok_hi
4917.0;57500.0;389500.0;was_hi
6927.0;68500.0;400500.0;was_hi
8244.0;132500.0;408500.0;Ok_hi
5747.0;161500.0;393500.0;Ok_hi
6550.0;41500.0;398500.0;Ok_hi
5055.0;208500.0;389500.0;was_hi
3609.0;186500.0;380500.0;was_hi
6603.0;101500.0;398500.0;Ok_hi
6979.0;120500.0;400500.0;was_hi
5291.0;78500.0;391500.0;Ok_hi
8509.0;89500.0;410500.0;Ok_hi
5112.0;83500.0;390500.0;Ok_hi
8576.0;156500.0;410500.0;was_hi
6365.0;35317.8744016501;397229.177340935;was_hi
4478.0;154500.0;386500.0;Ok_hi
9736.0;74485.8582336514;418485.134491029;was_hi
1999.0;175500.0;368500.0;Ok_hi
4415.0;76500.0;386500.0;was_hi
9317.0;128500.0;415500.0;Ok_hi
7148.0;115500.0;401500.0;Ok_hi
4790.0;120500.0;388500.0;Ok_hi
9662.0;150500.0;417500.0;was_hi
26.0;182957.142857143;308900.0;was_hi
3051.0;152500.0;376500.0;was_hi
7049.0;190500.0;400500.0;Ok_hi
2841.0;210500.0;374500.0;Ok_hi
6673.0;171500.0;398500.0;Ok_hi
5550.0;154500.0;392500.0;Ok_hi
4850.0;180500.0;388500.0;Ok_hi
8880.0;158500.0;412500.0;Ok_hi
7467.0;123500.0;403500.0;Ok_hi
1841.0;63500.0;367500.0;Ok_hi
8046.0;88500.0;407500.0;was_hi
7114.0;81500.0;401500.0;Ok_hi
5420.0;207500.0;391500.0;was_hi
7492.0;148500.0;403500.0;Ok_hi
7908.0;100500.0;406500.0;was_hi
6269.0;129500.0;396500.0;Ok_hi
8726.0;154500.0;411500.0;Ok_hi
8808.0;80500.0;412500.0;Ok_hi
2225.0;139500.0;370500.0;Ok_hi
3645.0;44500.0;381500.0;Ok_hi
619.0;190500.0;330500.0;Ok_hi
9191.0;160500.0;414500.0;was_hi
4023.0;169500.0;383500.0;Ok_hi
7381.0;184500.0;402500.0;Ok_hi
359.0;191500.0;320500.0;was_hi
4237.0;48500.0;385500.0;Ok_hi
1751.0;158500.0;366500.0;Ok_hi
3543.0;113499.768079275;380639.090142411;was_hi
2601.0;49682.4716553288;373418.820861678;was_hi
6480.0;158500.0;397500.0;Ok_hi
4720.0;36500.0;388500.0;Ok_hi
3596.0;173500.0;380500.0;Ok_hi
6019.0;53417.2475863198;395490.034364261;Ok_hi
3071.0;172500.0;376500.0;was_hi
1623.0;58500.0;365500.0;Ok_hi
7111.0;78500.0;401500.0;was_hi
7227.0;194500.0;401500.0;was_hi
4437.0;103500.0;386500.0;Ok_hi
5084.0;47500.0;390500.0;Ok_hi
5363.0;150500.0;391500.0;Ok_hi
9978.0;176500.0;419500.0;Ok_hi
4493.0;169500.0;386500.0;Ok_hi
5617.0;28500.0;393500.0;Ok_hi
864.0;184797.807827379;347431.302269004;Ok_hi
4338.0;178500.0;385500.0;was_hi
7093.0;60520.8817677244;401445.161797047;was_hi
9194.0;163500.0;414500.0;was_hi
4140.0;136500.0;384500.0;Ok_hi
4666.0;172500.0;387500.0;Ok_hi
4531.0;207500.0;386500.0;Ok_hi
4432.0;98500.0;386500.0;Ok_hi
7387.0;190500.0;402500.0;was_hi
9743.0;82525.0773993808;418534.630694383;Ok_hi
9223.0;192500.0;414500.0;was_hi
4454.0;127500.0;386500.0;Ok_hi
4305.0;145500.0;385500.0;Ok_hi
5600.0;204500.0;392500.0;Ok_hi
3550.0;120693.719156572;380849.646079458;was_hi
9826.0;165500.0;418500.0;Ok_hi
4455.0;128336.163522013;386531.446540881;Ok_hi
3870.0;163500.0;382500.0;Ok_hi
6013.0;47500.0;395500.0;Ok_hi
152.0;189500.0;313500.0;was_hi
2375.0;155500.0;371500.0;Ok_hi
5980.0;206500.0;394500.0;Ok_hi
5373.0;160500.0;391500.0;was_hi
964.0;201500.0;351500.0;Ok_hi
5414.0;201500.0;391500.0;Ok_hi
5791.0;205500.0;393500.0;was_hi
7705.0;52562.5;405809.659090909;Ok_hi
5549.0;153500.0;392500.0;Ok_hi
195.0;178500.0;315500.0;was_hi
6352.0;22500.0;397500.0;Ok_hi
4178.0;174500.0;384500.0;Ok_hi
445.0;188500.0;323500.0;was_hi
7887.0;79568.6151704941;406211.493852934;was_hi
1957.0;60500.0;368500.0;was_hi
5105.0;76500.0;390500.0;Ok_hi
7271.0;74500.0;402500.0;Ok_hi
8560.0;140500.0;410500.0;was_hi
7206.0;173500.0;401500.0;Ok_hi
5537.0;141500.0;392500.0;Ok_hi
11.0;190759.327217125;307671.827217125;Ok_hi
9464.0;113500.0;416500.0;Ok_hi
989.0;197500.0;352500.0;Ok_hi
1037.0;184500.0;354500.0;was_hi
5689.0;103500.0;393500.0;Ok_hi
3094.0;195500.0;376500.0;Ok_hi
3557.0;134576.699339603;380450.887019388;Ok_hi
1139.0;178500.0;357500.0;Ok_hi
5955.0;181500.0;394500.0;was_hi
2565.0;210484.961089092;372513.737919537;was_hi
1918.0;20500.0;368500.0;Ok_hi
2133.0;179500.0;369500.0;Ok_hi
2475.0;58500.0;372500.0;was_hi
7859.0;38529.5809739524;406446.545866365;was_hi
5155.0;126500.0;390500.0;Ok_hi
4521.0;197500.0;386500.0;Ok_hi
981.0;189500.0;352500.0;was_hi
6095.0;137500.0;395500.0;Ok_hi
5849.0;75500.0;394500.0;Ok_hi
4575.0;62499.7962113844;387499.795053494;was_hi
1790.0;199500.0;366500.0;Ok_hi
5110.0;81500.0;390500.0;Ok_hi
6684.0;182500.0;398500.0;Ok_hi
8064.0;106500.0;407500.0;Ok_hi
9189.0;158500.0;414500.0;was_hi
5663.0;77500.0;393500.0;Ok_hi
3792.0;64500.0;382500.0;Ok_hi
5253.0;33500.0;391500.0;was_hi
3662.0;70500.0;381500.0;was_hi
3374.0;29251.3661202186;379312.607338017;Ok_hi
5376.0;163500.0;391500.0;Ok_hi
480.0;195500.0;324500.0;was_hi
3636.0;23872.5490196078;381152.941176471;was_hi
5567.0;171500.0;392500.0;was_hi
2707.0;17500.0;374500.0;was_hi
5572.0;176500.0;392500.0;was_hi
4498.0;174500.0;386500.0;was_hi
4545.0;32500.0;387500.0;Ok_hi
8071.0;113500.0;407500.0;Ok_hi
2758.0;72500.0247602208;374499.995796609;was_hi
8802.0;74500.0;412500.0;Ok_hi
8128.0;170500.0;407500.0;was_hi
8288.0;176500.0;408500.0;Ok_hi
4755.0;81500.0;388500.0;was_hi
4972.0;125500.0;389500.0;Ok_hi
5329.0;116500.0;391500.0;Ok_hi
4350.0;190500.0;385500.0;was_hi
2875.0;56500.0;375500.0;Ok_hi
3433.0;152500.0;379500.0;was_hi
3945.0;69591.8918918919;383326.756756757;Ok_hi
3329.0;182500.0;378500.0;was_hi
2468.0;51500.0;372500.0;was_hi
6394.0;72500.0;397500.0;Ok_hi
1241.0;188500.0;359500.0;Ok_hi
4185.0;181500.0;384500.0;was_hi
7299.0;102500.0;402500.0;Ok_hi
5768.0;182500.0;393500.0;Ok_hi
9678.0;166500.0;417500.0;was_hi
1854.0;150500.0;367500.0;was_hi
4240.0;51500.0;385500.0;Ok_hi
604.0;197500.0;329500.0;was_hi
4109.0;84496.7103054716;384498.449144008;was_hi
146.0;183500.0;313500.0;Ok_hi
1010.0;188500.0;353500.0;was_hi
9205.0;174500.0;414500.0;was_hi
1204.0;201500.0;358500.0;was_hi
2573.0;20500.0;373500.0;was_hi
3772.0;210500.0;381500.0;Ok_hi
3095.0;196500.0;376500.0;Ok_hi
8337.0;74723.666666392;409588.0;was_hi
322.0;186500.0;319500.0;was_hi
4444.0;117500.0;386500.0;Ok_hi
415.0;186500.0;322500.0;was_hi
7484.0;140500.0;403500.0;Ok_hi
8360.0;98500.0;409500.0;Ok_hi
53.0;185500.0;309500.0;Ok_hi
7149.0;116500.0;401500.0;was_hi
8637.0;56500.0;411500.0;was_hi
9049.0;173500.0;413500.0;Ok_hi
4791.0;121500.0;388500.0;was_hi
8870.0;148500.0;412500.0;Ok_hi
9450.0;99500.0;416500.0;was_hi
3795.0;67500.0;382500.0;Ok_hi
4965.0;118500.0;389500.0;was_hi
3883.0;176500.0;382500.0;Ok_hi
1583.0;196500.0;364500.0;Ok_hi
5811.0;32500.0;394500.0;was_hi
3164.0;140500.0;377500.0;Ok_hi
92.0;199166.666666667;310083.333333333;Ok_hi
1301.0;196500.0;360500.0;Ok_hi
8156.0;198500.0;407500.0;Ok_hi
4121.0;104490.450913976;384508.005781637;was_hi
1490.0;195500.0;363500.0;Ok_hi
8406.0;144500.0;409500.0;was_hi
9696.0;184500.0;417500.0;Ok_hi
3179.0;155500.0;377500.0;was_hi
6367.0;37600.5377339679;397534.927557744;Ok_hi
7336.0;139500.0;402500.0;was_hi
7802.0;149500.0;405500.0;Ok_hi
4737.0;53500.0;388500.0;Ok_hi
5854.0;80500.0;394500.0;Ok_hi
6665.0;163500.0;398500.0;Ok_hi
5837.0;63681.3384934903;394630.630649157;Ok_hi
9787.0;126500.0;418500.0;was_hi
4188.0;184500.0;384500.0;was_hi
5166.0;137500.0;390500.0;was_hi
2693.0;202500.0;373500.0;was_hi
282.0;178500.0;318500.0;was_hi
8200.0;88500.0;408500.0;was_hi
993.0;201500.0;352500.0;Ok_hi
2227.0;141471.202749141;370557.961053837;was_hi
1121.0;196500.0;356500.0;was_hi
4081.0;49500.0;384500.0;Ok_hi
4405.0;58500.0;386500.0;Ok_hi
9551.0;39591.8128757939;417315.204672069;was_hi
4746.0;62342.2387648194;388465.922249793;Ok_hi
6568.0;66500.0;398500.0;Ok_hi
4082.0;50500.0;384500.0;Ok_hi
4515.0;191500.0;386500.0;Ok_hi
4542.0;29500.0;387500.0;Ok_hi
5653.0;67487.6543112425;393758.377430986;was_hi
3562.0;139500.0;380500.0;Ok_hi
2476.0;59500.0;372500.0;was_hi
2200.0;50500.0;370500.0;Ok_hi
7554.0;57500.0;404500.0;was_hi
2676.0;185499.9999534;373500.0;Ok_hi
1364.0;44500.0;362500.0;Ok_hi
7609.0;116500.0;404500.0;Ok_hi
2625.0;73500.0;373500.0;Ok_hi
5138.0;109500.0;390500.0;Ok_hi
6299.0;159500.0;396500.0;Ok_hi
2822.0;191500.0;374500.0;was_hi
9.0;187697.848961306;307738.427948085;was_hi
287.0;183500.0;318500.0;Ok_hi
1821.0;43500.0;367500.0;was_hi
3546.0;116457.346889373;380864.509431503;Ok_hi
8160.0;202500.0;407500.0;Ok_hi
2562.0;207500.0;372500.0;was_hi
7834.0;181500.0;405500.0;was_hi
7309.0;112500.0;402500.0;Ok_hi
7423.0;79500.0;403500.0;Ok_hi
5599.0;203500.0;392500.0;Ok_hi
286.0;182500.0;318500.0;was_hi
8027.0;62500.0;407500.0;was_hi
7082.0;42500.0;401500.0;Ok_hi
8906.0;184500.0;412500.0;was_hi
4938.0;88500.0;389500.0;Ok_hi
6669.0;167500.0;398500.0;Ok_hi
9783.0;122500.0;418500.0;was_hi
417.0;188500.0;322500.0;Ok_hi
5220.0;191500.0;390500.0;Ok_hi
1337.0;178500.0;361500.0;was_hi
8678.0;106500.0;411500.0;Ok_hi
2742.0;56500.0;374500.0;Ok_hi
7972.0;164500.0;406500.0;Ok_hi
998.0;206500.0;352500.0;Ok_hi
1328.0;169500.0;361500.0;was_hi
2341.0;58500.0;371500.0;Ok_hi
1346.0;187500.0;361500.0;Ok_hi
4904.0;44500.0;389500.0;Ok_hi
8082.0;124500.0;407500.0;was_hi
7315.0;118500.0;402500.0;Ok_hi
941.0;202500.0;350500.0;Ok_hi
20.0;175966.666666667;308048.148148148;was_hi
8624.0;41500.0;411500.0;Ok_hi
6141.0;183500.0;395500.0;Ok_hi
8110.0;152500.0;407500.0;was_hi
7384.0;187500.0;402500.0;Ok_hi
3658.0;66500.0;381500.0;Ok_hi
2534.0;179500.0;372500.0;Ok_hi
6762.0;79500.0;399500.0;was_hi
7835.0;182500.0;405500.0;Ok_hi
967.0;204500.0;351500.0;Ok_hi
4481.0;157500.0;386500.0;Ok_hi
9689.0;177500.0;417500.0;Ok_hi
3020.0;76463.7680995649;376931.287306613;was_hi
4600.0;100500.0;387500.0;was_hi
7117.0;84500.0;401500.0;Ok_hi
9087.0;47500.0;414500.0;Ok_hi
7351.0;154500.0;402500.0;was_hi
2021.0;197500.0;368500.0;was_hi
4744.0;60500.0;388500.0;Ok_hi
1432.0;45500.0;363500.0;was_hi
9904.0;102500.0;419500.0;Ok_hi
7394.0;197500.0;402500.0;was_hi
3790.0;62512.100456621;382510.882800609;Ok_hi
39.0;195509.741283765;308565.775777385;Ok_hi
9801.0;140500.0;418500.0;was_hi
104.0;187500.0;311500.0;Ok_hi
9170.0;139500.0;414500.0;was_hi
742.0;185500.0;339500.0;was_hi
4001.0;147500.0;383500.0;Ok_hi
857.0;195500.0;346500.0;Ok_hi
4002.0;148500.0;383500.0;Ok_hi
2580.0;27500.0;373500.0;Ok_hi
9160.0;129500.0;414500.0;Ok_hi
7319.0;122500.0;402500.0;Ok_hi
1386.0;169500.0;362500.0;was_hi
5742.0;156500.0;393500.0;Ok_hi
3410.0;121876.431901432;379675.326340326;Ok_hi
2111.0;157500.0;369500.0;was_hi
4190.0;186500.0;384500.0;was_hi
6837.0;154500.0;399500.0;was_hi
6884.0;201500.0;399500.0;Ok_hi
3632.0;209500.0;380500.0;Ok_hi
7841.0;188500.0;405500.0;was_hi
8871.0;149500.0;412500.0;Ok_hi
5637.0;48500.0;393500.0;was_hi
1156.0;195500.0;357500.0;was_hi
3069.0;170500.0;376500.0;Ok_hi
6793.0;110500.0;399500.0;Ok_hi
9496.0;145500.0002034;416500.000565643;was_hi
8757.0;185500.0;411500.0;Ok_hi
7964.0;156500.0;406500.0;Ok_hi
3801.0;73500.0;382500.0;Ok_hi
3837.0;123548.069227561;382328.424744306;was_hi
7708.0;55522.8070175439;405517.543859649;was_hi
1486.0;191500.0;363500.0;Ok_hi
774.0;190484.415584416;341516.233766234;was_hi
4535.0;211500.0;386500.0;was_hi
668.0;196546.367377552;332330.710984205;was_hi
7221.0;188500.0;401500.0;Ok_hi
7089.0;49472.4175348705;401479.19332679;was_hi
9791.0;130500.0;418500.0;was_hi
1351.0;192500.0;361500.0;was_hi
7260.0;63500.0;402500.0;was_hi
2750.0;64500.0;374500.0;Ok_hi
7203.0;170500.0;401500.0;was_hi
4207.0;203500.0;384500.0;Ok_hi
9625.0;113500.0;417500.0;was_hi
590.0;183500.0;329500.0;was_hi
1124.0;199500.0;356500.0;was_hi
6816.0;133500.0;399500.0;was_hi
1089.0;200500.0;355500.0;Ok_hi
4299.0;139500.0;385500.0;Ok_hi
5578.0;182500.0;392500.0;Ok_hi
7268.0;71500.0;402500.0;was_hi
4992.0;145500.0;389500.0;Ok_hi
3491.0;210500.0;379500.0;Ok_hi
7127.0;94500.0;401500.0;was_hi
5062.0;25500.0;390500.0;was_hi
5932.0;158500.0;394500.0;Ok_hi
5120.0;91500.0;390500.0;was_hi
6439.0;117500.0;397500.0;Ok_hi
3702.0;140500.0;381500.0;Ok_hi
3393.0;70302.1505376344;379845.340501792;was_hi
6947.0;88500.0;400500.0;Ok_hi
5713.0;127500.0;393500.0;was_hi
5775.0;189500.0;393500.0;Ok_hi
8961.0;79500.0;413500.0;Ok_hi
2283.0;197500.0;370500.0;Ok_hi
4151.0;147500.0;384500.0;Ok_hi
6298.0;158500.0;396500.0;Ok_hi
1076.0;187500.0;355500.0;Ok_hi
5005.0;158500.0;389500.0;was_hi
6278.0;138500.0;396500.0;was_hi
2419.0;199500.0;371500.0;was_hi
6009.0;43500.0;395500.0;Ok_hi
6908.0;43500.0;400500.0;was_hi
7463.0;119500.0;403500.0;Ok_hi
8205.0;93500.0;408500.0;Ok_hi
253.0;180500.0;317500.0;was_hi
8322.0;54500.0;409500.0;Ok_hi
2496.0;141500.0;372500.0;was_hi
3626.0;203500.0;380500.0;Ok_hi
9052.0;176500.0;413500.0;was_hi
4422.0;83500.0;386500.0;Ok_hi
2717.0;27500.0;374500.0;was_hi
6808.0;125500.0;399500.0;Ok_hi
13.0;192523.355884683;307551.686127002;Ok_hi
708.0;182538.173515982;336470.365296804;was_hi
6766.0;83500.0;399500.0;Ok_hi
8120.0;162500.0;407500.0;Ok_hi
9003.0;127500.0;413500.0;Ok_hi
3779.0;43500.0;382500.0;Ok_hi
6508.0;186500.0;397500.0;Ok_hi
9010.0;134500.0;413500.0;was_hi
3063.0;164500.0;376500.0;Ok_hi
5403.0;190500.0;391500.0;Ok_hi
1022.0;200500.0;353500.0;was_hi
492.0;180500.0;325500.0;was_hi
2362.0;142500.0;371500.0;was_hi
354.0;186500.0;320500.0;Ok_hi
5558.0;162500.0;392500.0;was_hi
8279.0;167500.0;408500.0;Ok_hi
7965.0;157500.0;406500.0;Ok_hi
2571.0;18500.0;373500.0;was_hi
2376.0;156500.0;371500.0;was_hi
4890.0;30500.0;389500.0;Ok_hi
6811.0;128500.0;399500.0;was_hi
9497.0;146500.0;416500.0;was_hi
7782.0;129500.0;405500.0;Ok_hi
8330.0;62500.0;409500.0;Ok_hi
2447.0;30500.0;372500.0;was_hi
9036.0;160500.0;413500.0;Ok_hi
8216.0;104500.0;408500.0;Ok_hi
6391.0;69500.0;397500.0;was_hi
5488.0;92500.0;392500.0;was_hi
935.0;196500.0;350500.0;was_hi
3111.0;212478.795826347;376485.86388234;Ok_hi
3185.0;161500.0;377500.0;was_hi
4171.0;167500.0;384500.0;Ok_hi
9056.0;180500.0;413500.0;Ok_hi
7391.0;194500.0;402500.0;Ok_hi
270.0;197500.0;317500.0;was_hi
7558.0;61167.0212765957;404932.42147923;was_hi
8564.0;144500.0;410500.0;was_hi
657.0;185500.0;332500.0;Ok_hi
5678.0;92500.0;393500.0;Ok_hi
8116.0;158500.0;407500.0;Ok_hi
256.0;183500.0;317500.0;Ok_hi
9713.0;47130.2867383512;418526.88172043;Ok_hi
1105.0;180500.0;356500.0;was_hi
6020.0;62963.0081300813;395619.783197832;Ok_hi
1312.0;46500.0;361500.0;was_hi
484.0;199500.0;324500.0;Ok_hi
4366.0;206500.0;385500.0;Ok_hi
5904.0;130500.0;394500.0;Ok_hi
2983.0;17500.0;376500.0;Ok_hi
442.0;185500.0;323500.0;Ok_hi
4468.0;144500.0;386500.0;was_hi
3718.0;156500.0;381500.0;Ok_hi
6661.0;159500.0;398500.0;Ok_hi
3508.0;46500.0;380500.0;Ok_hi
7417.0;73500.0;403500.0;Ok_hi
7307.0;110500.0;402500.0;was_hi
5610.0;21508.843537415;393508.843537415;was_hi
4095.0;70722.4589835934;384167.739095638;was_hi
2173.0;23500.0;370500.0;Ok_hi
9861.0;50230.6260575296;419456.627185561;Ok_hi
230.0;185500.0;316500.0;was_hi
3787.0;51500.0;382500.0;Ok_hi
1044.0;191500.0;354500.0;Ok_hi
3871.0;164500.0;382500.0;Ok_hi
288.0;184500.0;318500.0;Ok_hi
5998.0;32500.0;395500.0;Ok_hi
7223.0;190500.0;401500.0;Ok_hi
8492.0;70033.3333333333;410066.666666667;Ok_hi
1451.0;64119.0476274084;363916.666663253;was_hi
3639.0;26435.7891584307;381130.853548967;Ok_hi
4702.0;208500.0;387500.0;was_hi
7432.0;88500.0;403500.0;Ok_hi
828.0;183966.666666667;345016.666666667;Ok_hi
3781.0;45500.0;382500.0;Ok_hi
2488.0;71500.0;372500.0;was_hi
9535.0;184500.0;416500.0;was_hi
327.0;191500.0;319500.0;was_hi
9911.0;109500.0;419500.0;Ok_hi
5226.0;197500.0;390500.0;Ok_hi
8435.0;173500.0;409500.0;Ok_hi
62.0;194500.0;309500.0;Ok_hi
601.0;194500.0;329500.0;Ok_hi
8809.0;81500.0;412500.0;was_hi
2088.0;69500.0;369500.0;Ok_hi
3573.0;150500.0;380500.0;Ok_hi
1929.0;32584.421534937;368684.100801833;was_hi
8707.0;135500.0;411500.0;Ok_hi
6017.0;51493.2543954073;395388.40449707;was_hi
7975.0;167500.0;406500.0;was_hi
8758.0;186500.0;411500.0;Ok_hi
5485.0;89500.0;392500.0;was_hi
7939.0;131500.0;406500.0;was_hi
7655.0;162500.0;404500.0;was_hi
3266.0;76500.0;378500.0;was_hi
8567.0;147500.0;410500.0;Ok_hi
3444.0;163500.0;379500.0;Ok_hi
6218.0;78500.0;396500.0;Ok_hi
6760.0;77500.0;399500.0;Ok_hi
5454.0;49500.0;392500.0;Ok_hi
4892.0;32500.0;389500.0;Ok_hi
5895.0;121500.0;394500.0;Ok_hi
2326.0;43500.0;371500.0;was_hi
1678.0;192500.0;365500.0;was_hi
2540.0;185500.000292277;372499.998947233;Ok_hi
7948.0;140500.0;406500.0;Ok_hi
8833.0;111500.0;412500.0;Ok_hi
3387.0;59455.0476190476;379454.285714286;was_hi
8371.0;109500.0;409500.0;Ok_hi
5170.0;141500.0;390500.0;Ok_hi
4361.0;201500.0;385500.0;was_hi
8554.0;134500.0;410500.0;Ok_hi
8170.0;54500.0;408500.0;Ok_hi
6411.0;89500.0;397500.0;Ok_hi
4875.0;205500.0;388500.0;was_hi
6584.0;82500.0;398500.0;was_hi
3585.0;162500.0;380500.0;Ok_hi
8559.0;139500.0;410500.0;Ok_hi
4022.0;168500.0;383500.0;was_hi
175.0;185500.0;314500.0;was_hi
4401.0;54495.0260476519;386505.153117012;Ok_hi
4524.0;200500.0;386500.0;Ok_hi
3655.0;63536.582733813;381558.345323741;Ok_hi
4102.0;77500.0;384500.0;Ok_hi
1847.0;69343.3188226643;367735.560066302;Ok_hi
178.0;188500.0;314500.0;Ok_hi
5773.0;187500.0;393500.0;Ok_hi
5822.0;43500.0;394500.0;Ok_hi
65.0;197500.0;309500.0;Ok_hi
8485.0;63395.8333333333;410331.527777778;was_hi
6886.0;203500.0;399500.0;was_hi
8263.0;151500.0;408500.0;Ok_hi
7360.0;163500.0;402500.0;Ok_hi
5198.0;169500.0;390500.0;Ok_hi
2897.0;85500.0;375500.0;was_hi
2246.0;160500.0;370500.0;Ok_hi
2115.0;161500.0;369500.0;Ok_hi
6874.0;191500.0;399500.0;Ok_hi
2705.0;15621.5821812596;374559.959037378;Ok_hi
4942.0;92500.0;389500.0;Ok_hi
9782.0;121500.0;418500.0;was_hi
2844.0;213154.024808275;374836.604905589;Ok_hi
7774.0;121500.0;405500.0;was_hi
8390.0;128500.0;409500.0;was_hi
1356.0;197500.0;361500.0;was_hi
999.0;207500.0;352500.0;was_hi
8968.0;86396.6011466011;413258.449358449;was_hi
1896.0;192500.0;367500.0;Ok_hi
755.0;185500.0;340500.0;was_hi
6112.0;154500.0;395500.0;Ok_hi
4960.0;110314.08954409;389545.481845482;Ok_hi
3127.0;28500.0;377500.0;was_hi
1424.0;20500.0;363600.0;Ok_hi
4387.0;40500.0;386500.0;Ok_hi
4283.0;119500.0;385500.0;Ok_hi
649.0;198500.0;331500.0;Ok_hi
2479.0;62500.0;372500.0;was_hi
434.0;177500.0;323500.0;was_hi
4000.0;146500.0;383500.0;Ok_hi
4551.0;38527.5599107808;387298.950290039;Ok_hi
5986.0;20500.0;395500.0;Ok_hi
8636.0;55500.0;411500.0;was_hi
2493.0;138500.0;372500.0;Ok_hi
7798.0;145500.0;405500.0;Ok_hi
1206.0;43741.0256410256;359656.41025641;was_hi
5990.0;24500.0;395500.0;was_hi
6445.0;123500.0;397500.0;Ok_hi
830.0;185594.573643411;345059.069767442;Ok_hi
7872.0;61500.0;406500.0;was_hi
784.0;186500.0;342500.0;was_hi
9516.0;165500.0;416500.0;Ok_hi
1309.0;43700.0;361500.0;Ok_hi
9370.0;181500.0;415500.0;Ok_hi
7086.0;46500.0;401500.0;was_hi
3722.0;160500.0;381500.0;Ok_hi
1878.0;174500.0;367500.0;Ok_hi
4889.0;29500.0;389500.0;Ok_hi
9621.0;109500.0;417500.0;Ok_hi
9249.0;54500.0;415500.0;Ok_hi
5785.0;199500.0;393500.0;Ok_hi
6659.0;157500.0;398500.0;was_hi
3929.0;47500.0;383500.0;Ok_hi
5311.0;98500.0;391500.0;was_hi
8913.0;191500.0;412500.0;Ok_hi
3776.0;40500.0;382500.0;Ok_hi
9785.0;124500.0;418500.0;Ok_hi
5297.0;84500.0;391500.0;Ok_hi
1595.0;16659.2218276731;365627.926492458;Ok_hi
4313.0;153500.0;385500.0;was_hi
3654.0;62725.2032520325;381750.609756098;Ok_hi
7875.0;64343.7706855792;406634.338061466;Ok_hi
9734.0;72500.0;418500.0;was_hi
9286.0;97500.0;415500.0;Ok_hi
3726.0;164500.0;381500.0;Ok_hi
4857.0;187500.0;388500.0;Ok_hi
6704.0;202500.0;398500.0;Ok_hi
8754.0;182500.0;411500.0;was_hi
5237.0;208500.0;390500.0;Ok_hi
6511.0;189500.000709034;397500.001453601;Ok_hi
8429.0;167500.0;409500.0;was_hi
641.0;190483.333333333;331483.333333333;Ok_hi
6366.0;36871.4693411611;397267.819091107;Ok_hi
4907.0;47500.0;389500.0;Ok_hi
2765.0;86266.6666666667;374881.481481481;Ok_hi
1463.0;168500.0;363500.0;was_hi
1019.0;197500.0;353500.0;Ok_hi
6882.0;199499.999823194;399499.999826779;Ok_hi
2763.0;84543.2351685873;374778.187983118;Ok_hi
6063.0;105500.0;395500.0;Ok_hi
8341.0;78500.0;409500.0;was_hi
4259.0;80500.0;385500.0;was_hi
2160.0;206500.0;369500.0;Ok_hi
6587.0;85500.0;398500.0;Ok_hi
43.0;199338.372818044;308552.937918105;Ok_hi
9921.0;119500.0;419500.0;Ok_hi
9952.0;150500.0;419500.0;was_hi
9830.0;169500.0;418500.0;was_hi
569.0;184500.0;328500.0;was_hi
8438.0;176500.0;409500.0;Ok_hi
5513.0;117500.0;392500.0;Ok_hi
3584.0;161500.0;380500.0;Ok_hi
6560.0;51295.2809706258;398416.9348659;was_hi
6872.0;189500.0;399500.0;Ok_hi
5135.0;106500.0;390500.0;was_hi
1890.0;186500.0;367500.0;Ok_hi
8658.0;83499.4159365874;411499.384647476;Ok_hi
83.0;190500.0;310500.0;Ok_hi
5247.0;27500.0;391500.0;Ok_hi
6601.0;99500.0;398500.0;Ok_hi
5341.0;128500.0;391500.0;was_hi
5345.0;132500.0;391500.0;was_hi
3789.0;61933.3333333333;382711.111111111;Ok_hi
1503.0;18502.7640941434;364502.490421456;Ok_hi
9418.0;66500.0;416500.0;was_hi
4053.0;199500.0;383500.0;Ok_hi
9329.0;140500.0;415500.0;Ok_hi
5080.0;43500.0;390500.0;Ok_hi
316.0;180500.0;319500.0;was_hi
1659.0;173500.0;365500.0;Ok_hi
5716.0;130500.0;393500.0;was_hi
9788.0;127500.0;418500.0;was_hi
6316.0;176500.0;396500.0;Ok_hi
5123.0;94500.0;390500.0;Ok_hi
4887.0;27500.0;389500.0;Ok_hi
3829.0;115871.529710085;382736.596212278;Ok_hi
3853.0;146500.0;382500.0;Ok_hi
2714.0;24500.0;374500.0;Ok_hi
6728.0;40500.0;399500.0;Ok_hi
6553.0;44500.0;398500.0;Ok_hi
7165.0;132500.0;401500.0;was_hi
33.0;189425.625940704;308777.053852144;was_hi
199.0;182500.0;315500.0;Ok_hi
9763.0;102500.0;418500.0;Ok_hi
3330.0;183500.0;378500.0;was_hi
5192.0;163500.0;390500.0;Ok_hi
2048.0;29253.8829151732;369707.048984468;Ok_hi
7180.0;147500.0;401500.0;Ok_hi
3254.0;31381.7511055185;378303.428605643;was_hi
3157.0;133755.556135952;377725.002448532;Ok_hi
6913.0;48500.0;400500.0;Ok_hi
2121.0;167500.0;369500.0;Ok_hi
8157.0;199500.0;407500.0;Ok_hi
3067.0;168500.0;376500.0;Ok_hi
3362.0;17625.240853016;379183.581075007;was_hi
4115.0;98500.0;384500.0;Ok_hi
4642.0;148500.0;387500.0;Ok_hi
5049.0;202500.0;389500.0;was_hi
7361.0;164500.0;402500.0;Ok_hi
5243.0;23580.8243727599;391623.297491039;Ok_hi
1212.0;49190.829540997;359862.299781221;was_hi
4355.0;195500.0;385500.0;was_hi
4312.0;152500.0;385500.0;was_hi
9483.0;132500.0;416500.0;was_hi
1856.0;152500.0;367500.0;Ok_hi
4495.0;171500.0;386500.0;Ok_hi
814.0;186500.0;344500.0;was_hi
5968.0;194500.0;394500.0;Ok_hi
8688.0;116500.0;411500.0;was_hi
1791.0;200500.0;366500.0;Ok_hi
281.0;177500.0;318500.0;was_hi
777.0;193500.0;341500.0;was_hi
3297.0;150500.0;378500.0;was_hi
4066.0;212249.61691445;383500.730307773;Ok_hi
2903.0;137500.0;375500.0;Ok_hi
5095.0;58500.0;390500.0;Ok_hi
2390.0;170500.0;371500.0;was_hi
5892.0;118500.0;394500.0;was_hi
9882.0;80507.901235293;419509.219824931;Ok_hi
4295.0;135500.0;385500.0;Ok_hi
6097.0;139500.0;395500.0;Ok_hi
9499.0;148500.0;416500.0;Ok_hi
5250.0;30500.0;391500.0;Ok_hi
3674.0;82500.0;381500.0;Ok_hi
6283.0;143500.0;396500.0;Ok_hi
1032.0;175422.222222222;354933.333333333;Ok_hi
2281.0;195500.0;370500.0;Ok_hi
4871.0;201500.0;388500.0;Ok_hi
5378.0;165500.0;391500.0;Ok_hi
3594.0;171500.0;380500.0;was_hi
3892.0;185500.0;382500.0;Ok_hi
3695.0;125309.162166585;381673.735886107;was_hi
8285.0;173500.0;408500.0;was_hi
8617.0;197500.0;410500.0;Ok_hi
2321.0;38500.0;371500.0;Ok_hi
365.0;197500.0;320500.0;Ok_hi
207.0;190500.0;315500.0;was_hi
1131.0;170711.111112346;357879.069767802;was_hi
2887.0;68403.8888888889;375371.333333333;was_hi
4116.0;99500.0;384500.0;was_hi
1532.0;62500.0;364500.0;was_hi
6362.0;32500.0;397500.0;Ok_hi
1844.0;66500.0;367500.0;Ok_hi
144.0;181500.0;313500.0;Ok_hi
8690.0;118500.0;411500.0;was_hi
3983.0;124504.217909531;383504.012060489;was_hi
210.0;193500.0;315500.0;Ok_hi
4031.0;177500.0;383500.0;was_hi
8113.0;155500.0;407500.0;Ok_hi
1852.0;148500.0;367500.0;Ok_hi
3872.0;165500.0;382500.0;Ok_hi
9361.0;172500.0;415500.0;Ok_hi
1606.0;41611.3074876473;365571.405042443;Ok_hi
1455.0;148531.03800051;363827.125335771;was_hi
789.0;191497.777056128;342502.780928794;was_hi
4317.0;157500.0;385500.0;Ok_hi
5343.0;130500.0;391500.0;Ok_hi
5292.0;79500.0;391500.0;Ok_hi
1210.0;47508.8429514786;359635.705569911;Ok_hi
6292.0;152500.0;396500.0;Ok_hi
737.0;195035.947712418;338819.607843137;Ok_hi
6243.0;103500.0;396500.0;Ok_hi
6613.0;111500.0;398500.0;was_hi
1215.0;52354.6666666667;359660.0;was_hi
9669.0;157500.0;417500.0;Ok_hi
4783.0;109331.343804537;388720.81733566;Ok_hi
7228.0;195500.0;401500.0;was_hi
4532.0;208500.0;386500.0;was_hi
6733.0;45500.0;399500.0;Ok_hi
5571.0;175500.0;392500.0;was_hi
8267.0;155500.0;408500.0;was_hi
5874.0;100500.0;394500.0;was_hi
554.0;190500.0;327500.0;was_hi
4406.0;59500.0;386500.0;Ok_hi
4412.0;73947.6190334336;386266.666470941;Ok_hi
1339.0;180500.0;361500.0;was_hi
6958.0;99500.0;400500.0;was_hi
1465.0;170500.0;363500.0;Ok_hi
8640.0;59500.0;411500.0;Ok_hi
8534.0;114500.0;410500.0;was_hi
8475.0;53500.0;410500.0;Ok_hi
8181.0;65500.0;408500.0;Ok_hi
3068.0;169500.0;376500.0;Ok_hi
6549.0;40500.0;398500.0;Ok_hi
4431.0;97500.0;386500.0;was_hi
4252.0;73925.1811473488;385583.320376609;was_hi
1924.0;26427.5853259759;368626.534505075;was_hi
6679.0;177500.0;398500.0;was_hi
87.0;194500.0;310500.0;Ok_hi
4870.0;200500.0;388500.0;Ok_hi
4357.0;197500.0;385500.0;was_hi
5330.0;117500.0;391500.0;was_hi
9870.0;66500.0;419500.0;Ok_hi
2318.0;35500.0;371500.0;Ok_hi
4701.0;207500.0;387500.0;Ok_hi
947.0;182522.307341541;351764.500683995;was_hi
980.0;188500.0;352500.0;was_hi
1125.0;200500.0;356500.0;Ok_hi
2684.0;193500.0;373500.0;was_hi
9456.0;105500.0;416500.0;was_hi
138.0;175807.192982456;313814.035087719;Ok_hi
1014.0;192500.0;353500.0;Ok_hi
5901.0;127500.0;394500.0;was_hi
7524.0;180500.0;403500.0;was_hi
2746.0;60500.0;374500.0;Ok_hi
860.0;198500.0;346500.0;Ok_hi
9233.0;38500.0;415500.0;was_hi
7647.0;154500.0;404500.0;was_hi
7601.0;108500.0;404500.0;Ok_hi
3922.0;40500.0;383500.0;Ok_hi
4902.0;42500.0;389500.0;was_hi
5238.0;209500.0;390500.0;Ok_hi
2353.0;70500.0;371500.0;Ok_hi
6674.0;172500.0;398500.0;Ok_hi
3713.0;151500.0;381500.0;Ok_hi
3098.0;199500.0;376500.0;Ok_hi
2981.0;15500.0;376500.0;was_hi
2209.0;59500.0;370500.0;Ok_hi
6152.0;194500.0;395500.0;was_hi
7029.0;170500.0;400500.0;Ok_hi
8414.0;152500.0;409500.0;Ok_hi
7771.0;118500.0;405500.0;Ok_hi
6162.0;204500.0;395500.0;Ok_hi
5945.0;171500.0;394500.0;Ok_hi
2167.0;17500.0;370500.0;was_hi
2911.0;145500.0;375500.0;was_hi
1788.0;197500.0;366500.0;was_hi
6890.0;25786.6666666667;400133.333333333;Ok_hi
3612.0;189500.0;380500.0;was_hi
8373.0;111500.0;409500.0;Ok_hi
3780.0;44500.0;382500.0;Ok_hi
1407.0;190500.0;362500.0;Ok_hi
7404.0;57490.4761904762;403901.496598639;Ok_hi
8677.0;105500.0;411500.0;was_hi
5100.0;71675.0;390855.555555556;Ok_hi
7816.0;163500.0;405500.0;Ok_hi
8911.0;189500.0;412500.0;Ok_hi
1081.0;192500.0;355500.0;Ok_hi
1258.0;44500.0;360500.0;Ok_hi
1981.0;157500.0;368500.0;was_hi
4647.0;153500.0;387500.0;Ok_hi
7562.0;69500.0;404500.0;Ok_hi
424.0;195500.0;322500.0;Ok_hi
6997.0;138500.0;400500.0;Ok_hi
5431.0;26500.0;392500.0;Ok_hi
940.0;201500.0;350500.0;was_hi
9381.0;192500.0;415500.0;Ok_hi
4830.0;160500.0;388500.0;Ok_hi
6739.0;51080.4713804714;399231.818181818;was_hi
519.0;180500.0;326500.0;Ok_hi
1372.0;52500.0;362500.0;was_hi
7886.0;78601.822079314;406104.274485786;was_hi
5216.0;187500.0;390500.0;Ok_hi
4471.0;147500.0;386500.0;Ok_hi
870.0;190500.0;347500.0;was_hi
9790.0;129500.0;418500.0;was_hi
7612.0;119500.0;404500.0;Ok_hi
5409.0;196500.0;391500.0;was_hi
4114.0;97500.0;384500.0;Ok_hi
8837.0;115500.0;412500.0;Ok_hi
7174.0;141500.0;401500.0;Ok_hi
7926.0;118500.0;406500.0;was_hi
9981.0;179500.0;419500.0;Ok_hi
7366.0;169500.0;402500.0;was_hi
903.0;203411.737089202;348610.798122066;was_hi
1347.0;188500.0;361500.0;Ok_hi
8823.0;101549.015269953;412447.035239865;was_hi
1279.0;174500.0;360500.0;was_hi
121.0;182500.0;312500.0;was_hi
3987.0;128133.333333333;383889.655172414;Ok_hi
890.0;190500.0;348500.0;was_hi
8440.0;178500.0;409500.0;Ok_hi
444.0;187500.0;323500.0;Ok_hi
4860.0;190500.0;388500.0;was_hi
5790.0;204500.0;393500.0;Ok_hi
9681.0;169500.0;417500.0;Ok_hi
5646.0;57462.7730294397;393446.48622982;was_hi
6364.0;34482.3324640432;397481.919060742;was_hi
6360.0;30500.0;397500.0;Ok_hi
5632.0;43500.0;393500.0;was_hi
6614.0;112500.0;398500.0;was_hi
4760.0;86500.0;388500.0;Ok_hi
5512.0;116500.0;392500.0;was_hi
8085.0;127500.0;407500.0;was_hi
9533.0;182500.0;416500.0;Ok_hi
920.0;200500.0;349500.0;Ok_hi
4329.0;169500.0;385500.0;Ok_hi
6030.0;72500.0;395500.0;Ok_hi
1533.0;63500.0;364500.0;was_hi
6668.0;166500.0;398500.0;Ok_hi
1183.0;180500.0;358500.0;was_hi
4134.0;125500.0;384500.0;Ok_hi
5741.0;155500.0;393500.0;Ok_hi
9117.0;79465.9103189131;414447.333487772;was_hi
4482.0;158500.0;386500.0;Ok_hi
1257.0;43700.0;360500.0;Ok_hi
824.0;196500.0;344500.0;Ok_hi
9874.0;70500.0;419500.0;Ok_hi
6001.0;35500.0;395500.0;Ok_hi
167.0;177500.0;314500.0;was_hi
3710.0;148500.0;381500.0;Ok_hi
5595.0;199500.0;392500.0;was_hi
2621.0;69432.9768270945;373412.733426704;was_hi
9235.0;40500.0;415500.0;was_hi
1456.0;149456.140350877;363861.152882205;Ok_hi
5544.0;148500.0;392500.0;Ok_hi
5532.0;136500.0;392500.0;Ok_hi
9408.0;56500.0;416500.0;was_hi
6599.0;97500.0;398500.0;was_hi
5134.0;105500.0;390500.0;was_hi
7310.0;113500.0;402500.0;was_hi
9465.0;114500.0;416500.0;was_hi
7326.0;129500.0;402500.0;Ok_hi
6430.0;108500.0;397500.0;Ok_hi
8400.0;138500.0;409500.0;was_hi
6775.0;92500.0;399500.0;Ok_hi
343.0;175500.0;320500.0;Ok_hi
9631.0;119500.0;417500.0;was_hi
3814.0;86066.6666666667;382866.666666667;was_hi
8232.0;120500.0;408500.0;was_hi
1256.0;203351.532415857;359690.088623621;Ok_hi
377.0;178500.0;321500.0;was_hi
2934.0;168500.0;375500.0;Ok_hi
7970.0;162500.0;406500.0;was_hi
8528.0;108500.0;410500.0;was_hi
8869.0;147500.0;412500.0;Ok_hi
7737.0;84500.0;405500.0;Ok_hi
7468.0;124500.0;403500.0;Ok_hi
9310.0;121500.0;415500.0;was_hi
135.0;196262.573099415;312524.561403509;Ok_hi
6079.0;121500.0;395500.0;Ok_hi
8714.0;142500.0;411500.0;Ok_hi
2788.0;157500.0;374500.0;Ok_hi
3770.0;208500.0;381500.0;Ok_hi
3310.0;163500.0;378500.0;Ok_hi
7954.0;146500.0;406500.0;Ok_hi
8949.0;67628.2904148784;413866.79269705;was_hi
3233.0;209500.0;377500.0;was_hi
4509.0;185500.0;386500.0;Ok_hi
7479.0;135500.0;403500.0;Ok_hi
3887.0;180500.0;382500.0;was_hi
7892.0;84500.0;406500.0;Ok_hi
8716.0;144500.0;411500.0;Ok_hi
3569.0;146500.0;380500.0;Ok_hi
4183.0;179500.0;384500.0;Ok_hi
4662.0;168500.0;387500.0;was_hi
1148.0;187500.0;357500.0;was_hi
9923.0;121500.0;419500.0;Ok_hi
3516.0;57472.2222222222;380302.777777778;Ok_hi
3356.0;209500.0;378500.0;was_hi
9393.0;41500.0;416500.0;was_hi
188.0;198500.0;314500.0;Ok_hi
3730.0;168500.0;381500.0;Ok_hi
9236.0;41500.0;415500.0;was_hi
6011.0;45500.0;395500.0;Ok_hi
4782.0;108500.0;388500.0;Ok_hi
8883.0;161500.0;412500.0;Ok_hi
4146.0;142500.0;384500.0;Ok_hi
1610.0;45500.0;365500.0;Ok_hi
7898.0;90500.0;406500.0;was_hi
6713.0;25514.8717911902;399482.952186225;was_hi
7801.0;148500.0;405500.0;Ok_hi
8299.0;187500.0;408500.0;Ok_hi
7179.0;146500.0;401500.0;Ok_hi
1983.0;159500.0;368500.0;was_hi
1354.0;195500.0;361500.0;was_hi
3502.0;27450.3875968992;380302.600365539;Ok_hi
6178.0;29500.0;396500.0;Ok_hi
1000.0;208500.0;352500.0;was_hi
759.0;189490.079365079;340676.541514041;Ok_hi
4256.0;77500.0;385500.0;Ok_hi
7232.0;199500.000700815;401500.000659585;Ok_hi
6499.0;177500.0;397500.0;Ok_hi
1289.0;184500.0;360500.0;was_hi
4578.0;74500.0;387500.0;was_hi
1588.0;201500.0;364500.0;Ok_hi
5096.0;59500.0;390500.0;Ok_hi
7748.0;95500.0;405500.0;Ok_hi
2084.0;65500.0;369500.0;Ok_hi
7259.0;62545.4243702451;402452.833096635;Ok_hi
2314.0;31500.0;371500.0;Ok_hi
8689.0;117500.0;411500.0;was_hi
8287.0;175500.0;408500.0;was_hi
8630.0;49500.0;411500.0;Ok_hi
5542.0;146500.0;392500.0;Ok_hi
2559.0;204500.0;372500.0;was_hi
3939.0;63500.0;383500.0;Ok_hi
9229.0;198500.0;414500.0;was_hi
4658.0;164500.0;387500.0;was_hi
1972.0;148500.0;368500.0;was_hi
8416.0;154500.0;409500.0;was_hi
7188.0;155500.0;401500.0;was_hi
8605.0;185500.0;410500.0;was_hi
6294.0;154500.0;396500.0;Ok_hi
6748.0;65500.0;399500.0;was_hi
6677.0;175500.0;398500.0;Ok_hi
4711.0;27500.0;388500.0;was_hi
6137.0;179500.0;395500.0;Ok_hi
4040.0;186500.0;383500.0;was_hi
4135.0;126500.0;384500.0;Ok_hi
7345.0;148500.0;402500.0;was_hi
4086.0;58933.3333333333;384933.333333333;Ok_hi
1058.0;206540.406320542;354453.227990971;was_hi
6225.0;85500.0;396500.0;was_hi
5624.0;35500.0;393500.0;Ok_hi
9643.0;131500.0;417500.0;was_hi
9146.0;115500.0;414500.0;was_hi
4872.0;202500.0;388500.0;Ok_hi
8807.0;79500.0;412500.0;was_hi
9622.0;110500.0;417500.0;Ok_hi
7764.0;111500.0;405500.0;Ok_hi
5101.0;72556.4971751412;390659.667294413;Ok_hi
2005.0;181500.0;368500.0;Ok_hi
6632.0;130500.0;398500.0;was_hi
2057.0;38500.0;369500.0;was_hi
6106.0;148500.0;395500.0;Ok_hi
3856.0;149500.0;382500.0;was_hi
8420.0;158500.0;409500.0;was_hi
5175.0;146500.0;390500.0;Ok_hi
1540.0;147501.107060888;364501.185610663;was_hi
3610.0;187500.0;380500.0;was_hi
4016.0;162500.0;383500.0;was_hi
1140.0;179500.0;357500.0;Ok_hi
2207.0;57500.0;370500.0;Ok_hi
1727.0;59500.0;366500.0;was_hi
9346.0;157500.0;415500.0;was_hi
4113.0;96500.0;384500.0;Ok_hi
6871.0;188500.0;399500.0;Ok_hi
3773.0;211500.0;381500.0;Ok_hi
5922.0;148500.0;394500.0;Ok_hi
3565.0;142500.0;380500.0;Ok_hi
6956.0;97500.0;400500.0;was_hi
8060.0;102500.0;407500.0;was_hi
2729.0;39472.5526566499;374310.555861708;Ok_hi
7549.0;36928.2696177062;404838.96713615;Ok_hi
3941.0;65500.0;383500.0;Ok_hi
3225.0;201500.0;377500.0;was_hi
9493.0;142500.0;416500.0;was_hi
8593.0;173500.0;410500.0;was_hi
765.0;181988.888888889;341133.333333333;Ok_hi
9349.0;160500.0;415500.0;Ok_hi
3066.0;167500.0;376500.0;Ok_hi
2557.0;202500.0;372500.0;Ok_hi
527.0;188500.0;326500.0;was_hi
4817.0;147500.0;388500.0;was_hi
801.0;188500.0;343500.0;Ok_hi
5770.0;184500.0;393500.0;was_hi
157.0;194500.0;313500.0;was_hi
7153.0;120500.0;401500.0;was_hi
6471.0;149500.0;397500.0;was_hi
8566.0;146500.0;410500.0;Ok_hi
8109.0;151500.0;407500.0;was_hi
4133.0;124546.13272441;384459.142608121;Ok_hi
3842.0;135599.117116607;382498.346920356;Ok_hi
4893.0;33500.0;389500.0;Ok_hi
3893.0;186500.0;382500.0;Ok_hi
2764.0;85461.141805429;374743.636175122;Ok_hi
3195.0;171500.0;377500.0;Ok_hi
5457.0;52500.0;392500.0;Ok_hi
2415.0;195500.0;371500.0;was_hi
2248.0;162500.0;370500.0;Ok_hi
740.0;183500.0;339500.0;Ok_hi
8991.0;115500.0;413500.0;was_hi
9872.0;68500.0;419500.0;Ok_hi
8969.0;92966.6666666667;413985.714285714;Ok_hi
3395.0;72875.8974358974;379821.794871795;Ok_hi
550.0;186500.0;327500.0;was_hi
7990.0;182500.0;406500.0;was_hi
6521.0;199500.0;397500.0;Ok_hi
3811.0;83500.0;382500.0;Ok_hi
2924.0;158500.0;375500.0;was_hi
8722.0;150500.0;411500.0;Ok_hi
7373.0;176500.0;402500.0;was_hi
607.0;178768.648373984;330398.577235772;Ok_hi
5001.0;154500.0;389500.0;Ok_hi
7483.0;139500.0;403500.0;Ok_hi
6328.0;188500.0;396500.0;Ok_hi
6285.0;145500.0;396500.0;Ok_hi
64.0;196500.0;309500.0;Ok_hi
3877.0;170500.0;382500.0;Ok_hi
954.0;191500.0;351500.0;was_hi
9645.0;133500.0;417500.0;was_hi
546.0;182500.0;327500.0;was_hi
7204.0;171500.0;401500.0;Ok_hi
4668.0;174500.0;387500.0;was_hi
6736.0;48500.0;399500.0;Ok_hi
